trial,_right_canvas_practice,times,_left_canvas_practice,_left_canvas,_right_canvas,
9,0,0,1,,,
9,0,39,1,,,
9,0,82,1,,,
9,0,128,1,,,
9,0,172,1,,,
9,0,217,0,,,
9,0,254,1,,,
9,0,292,0,,,
9,0,335,1,,,
9,0,378,1,,,
9,0,422,1,,,
9,0,463,1,,,
9,0,501,1,,,
9,0,545,1,,,
9,0,587,1,,,
9,0,622,1,,,
9,0,665,1,,,
9,0,704,0,,,
9,0,750,1,,,
9,0,789,0,,,
9,0,845,0,,,
9,0,874,0,,,
9,0,912,0,,,
9,0,957,0,,,
9,0,997,1,,,
9,0,1038,1,,,
9,0,1084,0,,,
9,0,1121,1,,,
9,0,1160,1,,,
9,0,1206,1,,,
9,0,1248,1,,,
9,0,1293,1,,,
9,0,1338,1,,,
9,0,1381,1,,,
9,0,1426,1,,,
9,0,1465,1,,,
9,0,1504,0,,,
9,0,1539,0,,,
9,1,1570,0,,,
9,0,1604,0,,,
9,0,1640,0,,,
9,0,1685,0,,,
9,0,1729,1,,,
9,0,1773,0,,,
9,1,1808,0,,,
9,1,1850,0,,,
9,0,1891,0,,,
9,0,1931,0,,,
9,1,1972,0,,,
9,0,2014,0,,,
9,1,2053,0,,,
9,1,2095,0,,,
9,1,2132,0,,,
9,0,2175,0,,,
9,0,2208,1,,,
9,0,2244,1,,,
9,0,2287,1,,,
9,0,2324,1,,,
9,0,2364,1,,,
9,0,2404,1,,,
9,0,2446,1,,,
9,0,2484,1,,,
9,0,2513,1,,,
9,0,2556,0,,,
9,0,2591,1,,,
9,0,2632,1,,,
9,0,2673,1,,,
9,0,2718,1,,,
9,0,2760,0,,,
9,0,2799,1,,,
9,0,2835,1,,,
9,0,2874,1,,,
10,0,0,1,,,
10,0,35,1,,,
10,0,78,1,,,
10,0,127,1,,,
10,0,171,1,,,
10,0,215,1,,,
10,0,259,1,,,
10,0,295,1,,,
10,0,336,1,,,
10,0,376,1,,,
10,0,424,1,,,
10,0,466,0,,,
10,0,510,1,,,
10,1,554,0,,,
10,0,598,1,,,
10,0,649,1,,,
10,0,693,1,,,
10,0,737,1,,,
10,0,775,1,,,
10,0,817,1,,,
10,0,855,1,,,
10,0,898,0,,,
10,0,934,1,,,
10,0,971,1,,,
10,0,1001,1,,,
10,1,1033,0,,,
10,0,1067,1,,,
10,0,1103,1,,,
10,0,1140,0,,,
10,0,1180,0,,,
10,0,1221,0,,,
10,1,1255,0,,,
10,0,1293,1,,,
10,1,1335,0,,,
10,1,1369,0,,,
10,1,1411,0,,,
10,0,1449,0,,,
10,0,1486,0,,,
10,0,1529,1,,,
10,0,1577,1,,,
10,0,1615,1,,,
10,0,1658,1,,,
10,0,1689,1,,,
10,0,1721,1,,,
10,0,1759,1,,,
10,0,1810,0,,,
10,0,1856,0,,,
10,0,1899,0,,,
10,0,1944,1,,,
10,0,1994,1,,,
10,1,2039,0,,,
10,0,2085,1,,,
10,0,2123,1,,,
10,0,2164,1,,,
10,0,2216,0,,,
10,0,2254,0,,,
10,0,2299,1,,,
10,0,2340,1,,,
10,0,2386,1,,,
10,0,2430,0,,,
10,0,2480,1,,,
10,0,2523,1,,,
10,0,2568,1,,,
10,0,2606,1,,,
10,0,2642,1,,,
10,0,2684,1,,,
10,0,2719,1,,,
10,0,2757,1,,,
10,0,2797,1,,,
10,0,2837,0,,,
10,0,2875,1,,,
10,0,2922,1,,,
10,1,2959,0,,,
10,1,3003,0,,,
10,0,3037,0,,,
10,1,3072,0,,,
10,1,3116,0,,,
10,1,3162,0,,,
10,0,3205,1,,,
10,1,3244,0,,,
10,0,3289,1,,,
10,1,3339,0,,,
10,1,3375,0,,,
10,1,3410,0,,,
10,1,3448,0,,,
10,1,3487,0,,,
10,1,3530,0,,,
10,1,3579,0,,,
10,1,3622,0,,,
10,1,3660,0,,,
10,1,3709,0,,,
11,1,0,0,,,
11,0,40,0,,,
11,1,82,0,,,
11,1,120,0,,,
11,1,159,0,,,
11,0,200,0,,,
11,0,239,0,,,
11,0,278,1,,,
11,0,328,0,,,
11,1,370,0,,,
11,0,414,0,,,
11,0,451,1,,,
11,1,490,0,,,
11,0,527,0,,,
11,1,562,0,,,
11,0,595,1,,,
11,0,633,1,,,
11,1,676,0,,,
11,0,723,0,,,
11,0,757,1,,,
11,0,789,1,,,
11,0,824,1,,,
11,0,868,1,,,
11,0,915,1,,,
11,0,953,1,,,
11,0,996,1,,,
11,1,1032,0,,,
11,1,1066,0,,,
11,1,1110,0,,,
11,0,1155,1,,,
11,1,1191,0,,,
11,1,1235,0,,,
11,1,1278,0,,,
11,1,1314,0,,,
11,0,1349,0,,,
11,0,1377,0,,,
11,0,1414,1,,,
11,1,1459,0,,,
11,0,1498,1,,,
11,0,1541,1,,,
11,0,1580,1,,,
11,0,1626,1,,,
11,0,1673,1,,,
11,0,1717,1,,,
11,0,1752,0,,,
11,0,1798,1,,,
11,1,1831,0,,,
11,0,1871,0,,,
11,1,1911,0,,,
11,0,1952,1,,,
11,0,1984,1,,,
11,0,2020,1,,,
11,0,2056,1,,,
11,0,2107,1,,,
11,0,2153,1,,,
11,0,2196,0,,,
11,0,2247,0,,,
11,0,2283,1,,,
11,0,2324,0,,,
11,0,2361,1,,,
11,0,2399,1,,,
11,0,2435,1,,,
11,0,2472,1,,,
11,0,2508,1,,,
11,0,2548,0,,,
11,0,2582,1,,,
11,0,2624,0,,,
11,0,2671,0,,,
11,0,2712,1,,,
11,0,2750,1,,,
11,0,2793,1,,,
11,0,2837,1,,,
11,0,2880,1,,,
11,0,2921,1,,,
11,0,2965,1,,,
11,0,3002,1,,,
11,0,3040,1,,,
11,0,3081,1,,,
11,0,3125,1,,,
11,0,3168,1,,,
11,0,3210,1,,,
11,1,3262,0,,,
11,0,3306,1,,,
11,0,3344,1,,,
11,0,3387,1,,,
11,0,3431,1,,,
11,1,3465,0,,,
11,0,3505,1,,,
11,0,3546,1,,,
11,1,3591,0,,,
11,1,3630,0,,,
11,0,3671,1,,,
11,0,3712,1,,,
11,0,3754,0,,,
11,0,3798,1,,,
11,0,3834,1,,,
11,0,3873,1,,,
11,0,3915,0,,,
11,0,3960,1,,,
23,,0,,0,0,
23,,46,,0,0,
23,,86,,1,0,
23,,127,,0,0,
23,,169,,0,0,
23,,212,,0,1,
23,,256,,0,0,
23,,300,,0,1,
23,,343,,1,0,
23,,383,,1,0,
23,,427,,0,0,
23,,473,,1,0,
23,,515,,0,1,
23,,553,,0,0,
23,,597,,0,1,
23,,642,,1,0,
23,,679,,1,0,
23,,724,,1,0,
23,,768,,1,0,
23,,812,,1,0,
23,,863,,0,0,
23,,904,,1,0,
23,,948,,1,0,
23,,990,,1,0,
23,,1034,,0,1,
23,,1078,,1,0,
23,,1125,,1,0,
23,,1170,,1,0,
23,,1213,,0,0,
23,,1260,,1,0,
23,,1301,,1,0,
23,,1340,,1,0,
23,,1384,,1,0,
23,,1424,,1,0,
23,,1464,,1,0,
23,,1509,,1,0,
23,,1551,,0,0,
23,,1590,,1,0,
23,,1633,,0,1,
23,,1676,,0,1,
23,,1721,,0,1,
23,,1764,,0,1,
23,,1814,,0,1,
23,,1855,,0,0,
23,,1898,,0,1,
23,,1941,,1,0,
23,,1983,,0,0,
23,,2037,,1,0,
23,,2073,,1,0,
23,,2105,,1,0,
23,,2143,,1,0,
23,,2184,,1,0,
23,,2217,,1,0,
23,,2258,,1,0,
23,,2300,,1,0,
23,,2340,,1,0,
23,,2378,,1,0,
23,,2417,,1,0,
23,,2451,,1,0,
23,,2485,,1,0,
23,,2519,,1,0,
23,,2551,,1,0,
23,,2585,,1,0,
23,,2621,,1,0,
23,,2661,,1,0,
23,,2700,,1,0,
23,,2743,,1,0,
23,,2776,,1,0,
23,,2807,,1,0,
23,,2851,,0,1,
23,,2891,,0,0,
23,,2940,,0,0,
23,,2983,,0,0,
23,,3018,,0,0,
23,,3058,,0,0,
23,,3095,,0,0,
23,,3135,,0,0,
23,,3171,,0,0,
23,,3206,,0,1,
23,,3246,,0,0,
23,,3291,,0,1,
23,,3327,,0,1,
23,,3369,,0,1,
23,,3410,,0,1,
23,,3453,,0,0,
23,,3496,,0,0,
23,,3535,,0,0,
23,,3572,,0,0,
23,,3610,,0,0,
23,,3651,,0,0,
23,,3694,,0,0,
23,,3739,,0,1,
23,,3783,,0,1,
23,,3825,,0,1,
23,,3863,,0,1,
23,,3895,,0,1,
23,,3935,,0,0,
23,,3969,,0,1,
23,,4001,,0,1,
23,,4035,,0,0,
23,,4075,,0,0,
23,,4121,,0,1,
23,,4166,,0,1,
23,,4206,,0,0,
23,,4245,,0,1,
23,,4292,,0,1,
23,,4335,,0,0,
23,,4374,,0,1,
23,,4416,,0,1,
23,,4451,,0,1,
23,,4492,,0,1,
23,,4537,,0,1,
23,,4578,,0,1,
23,,4621,,0,1,
23,,4664,,0,1,
23,,4701,,0,1,
23,,4745,,0,1,
23,,4784,,0,1,
23,,4817,,0,1,
23,,4850,,0,1,
23,,4893,,0,1,
23,,4936,,0,1,
23,,5003,,0,1,
23,,5040,,0,0,
23,,5082,,0,1,
23,,5124,,0,1,
23,,5174,,0,0,
23,,5213,,0,1,
23,,5252,,0,1,
23,,5286,,0,1,
23,,5317,,0,0,
23,,5359,,0,1,
23,,5406,,0,1,
23,,5450,,0,1,
23,,5490,,0,1,
23,,5533,,0,1,
23,,5574,,0,1,
23,,5619,,0,1,
23,,5669,,0,1,
23,,5711,,0,0,
23,,5751,,0,1,
23,,5791,,0,1,
23,,5836,,0,1,
23,,5877,,0,1,
23,,5920,,0,1,
23,,5962,,0,1,
23,,6008,,0,1,
23,,6051,,0,1,
23,,6096,,0,0,
23,,6142,,0,1,
23,,6187,,0,0,
23,,6227,,0,1,
23,,6270,,0,1,
23,,6318,,0,1,
23,,6357,,0,1,
23,,6402,,0,0,
23,,6441,,0,0,
23,,6485,,0,0,
23,,6523,,0,0,
23,,6553,,0,0,
23,,6594,,0,0,
23,,6635,,0,1,
23,,6681,,1,0,
23,,6725,,1,0,
23,,6759,,1,0,
23,,6795,,1,0,
23,,6834,,1,0,
23,,6867,,0,1,
23,,6903,,1,0,
23,,6937,,0,1,
23,,6984,,1,0,
23,,7026,,0,0,
23,,7070,,0,1,
23,,7108,,0,1,
23,,7148,,0,0,
23,,7185,,0,1,
23,,7226,,0,0,
23,,7259,,0,1,
23,,7294,,0,1,
23,,7332,,0,1,
23,,7369,,0,1,
23,,7423,,0,1,
23,,7457,,0,0,
23,,7493,,0,0,
23,,7530,,0,1,
23,,7560,,0,1,
23,,7592,,0,1,
23,,7622,,0,0,
23,,7652,,1,0,
23,,7684,,0,1,
23,,7717,,0,0,
23,,7753,,0,1,
23,,7789,,0,1,
23,,7822,,0,1,
23,,7855,,0,1,
23,,7894,,0,1,
23,,7946,,0,1,
23,,7977,,0,1,
23,,8019,,0,1,
23,,8056,,0,1,
23,,8095,,0,1,
23,,8131,,0,1,
23,,8169,,0,1,
23,,8204,,0,1,
23,,8244,,0,1,
23,,8284,,0,1,
23,,8331,,0,1,
23,,8371,,0,1,
23,,8413,,0,1,
47,,0,,0,1,
47,,40,,0,1,
47,,85,,0,0,
47,,128,,1,0,
47,,170,,1,0,
47,,215,,0,1,
47,,257,,0,0,
47,,294,,1,0,
47,,334,,1,0,
47,,376,,0,1,
47,,421,,1,0,
47,,465,,1,0,
47,,508,,1,0,
47,,554,,0,0,
47,,594,,1,0,
47,,637,,1,0,
47,,680,,1,0,
47,,725,,1,0,
47,,765,,1,0,
47,,802,,0,1,
47,,838,,0,0,
47,,879,,0,1,
47,,921,,0,1,
47,,961,,0,1,
47,,1004,,0,1,
47,,1041,,1,0,
47,,1073,,1,0,
47,,1111,,1,0,
47,,1153,,0,0,
47,,1193,,0,1,
47,,1234,,0,1,
47,,1272,,0,1,
47,,1333,,0,1,
47,,1370,,0,1,
47,,1402,,0,1,
47,,1437,,0,1,
47,,1477,,0,1,
47,,1521,,0,1,
47,,1564,,0,1,
47,,1603,,0,1,
47,,1645,,0,1,
47,,1689,,0,1,
47,,1737,,1,0,
47,,1777,,1,0,
47,,1808,,1,0,
47,,1849,,1,0,
47,,1894,,0,0,
47,,1941,,1,0,
47,,1986,,1,0,
47,,2029,,1,0,
47,,2064,,1,0,
47,,2109,,1,0,
47,,2145,,0,0,
47,,2188,,0,0,
47,,2229,,1,0,
47,,2273,,1,0,
47,,2316,,1,0,
47,,2354,,1,0,
47,,2392,,0,0,
47,,2432,,1,0,
47,,2479,,1,0,
47,,2521,,1,0,
47,,2563,,1,0,
47,,2611,,1,0,
47,,2649,,1,0,
47,,2693,,1,0,
47,,2736,,1,0,
47,,2783,,1,0,
47,,2821,,1,0,
47,,2857,,1,0,
47,,2891,,1,0,
47,,2935,,1,0,
47,,2979,,1,0,
47,,3023,,1,0,
47,,3063,,1,0,
47,,3104,,1,0,
47,,3140,,1,0,
47,,3174,,1,0,
47,,3204,,1,0,
47,,3244,,0,1,
47,,3283,,1,0,
47,,3323,,0,1,
47,,3361,,1,0,
47,,3401,,0,0,
47,,3440,,1,0,
47,,3490,,1,0,
47,,3524,,1,0,
47,,3567,,1,0,
47,,3607,,0,1,
47,,3653,,0,0,
47,,3698,,0,0,
47,,3729,,1,0,
47,,3765,,1,0,
47,,3810,,0,0,
47,,3843,,1,0,
47,,3878,,0,0,
47,,3913,,0,1,
47,,3954,,1,0,
47,,3991,,0,0,
47,,4031,,1,0,
47,,4070,,1,0,
47,,4104,,1,0,
47,,4142,,1,0,
47,,4198,,1,0,
47,,4229,,1,0,
47,,4257,,1,0,
47,,4285,,1,0,
47,,4322,,1,0,
47,,4362,,0,1,
47,,4406,,1,0,
47,,4447,,0,0,
47,,4482,,1,0,
47,,4527,,1,0,
47,,4569,,1,0,
47,,4608,,1,0,
47,,4654,,1,0,
47,,4691,,1,0,
47,,4734,,1,0,
47,,4775,,1,0,
47,,4813,,1,0,
47,,4859,,1,0,
47,,4905,,1,0,
47,,4949,,1,0,
35,,0,,0,1,
35,,52,,0,1,
35,,94,,0,1,
35,,134,,0,1,
35,,178,,0,1,
35,,215,,0,1,
35,,256,,0,1,
35,,295,,0,1,
35,,336,,0,1,
35,,370,,0,1,
35,,401,,0,1,
35,,445,,0,1,
35,,488,,0,1,
35,,531,,0,1,
35,,569,,0,1,
35,,611,,0,1,
35,,653,,0,1,
35,,685,,0,1,
35,,719,,0,1,
35,,750,,0,1,
35,,785,,0,1,
35,,818,,0,1,
35,,861,,0,1,
35,,901,,0,1,
35,,946,,0,1,
35,,986,,0,1,
35,,1026,,0,1,
35,,1059,,0,0,
35,,1094,,1,0,
35,,1137,,0,1,
35,,1183,,0,0,
35,,1227,,0,1,
35,,1270,,0,0,
35,,1313,,0,1,
35,,1352,,0,1,
35,,1397,,0,1,
35,,1432,,0,1,
35,,1462,,0,1,
35,,1520,,0,1,
35,,1551,,0,1,
35,,1579,,0,1,
35,,1620,,0,1,
17,,0,,0,0,
17,,44,,1,0,
17,,87,,0,0,
17,,130,,1,0,
17,,174,,1,0,
17,,215,,0,1,
17,,255,,1,0,
17,,292,,1,0,
17,,334,,0,1,
17,,376,,1,0,
17,,420,,0,1,
17,,460,,1,0,
17,,510,,0,1,
17,,545,,1,0,
17,,583,,1,0,
17,,622,,1,0,
17,,667,,1,0,
17,,699,,1,0,
17,,744,,1,0,
17,,787,,1,0,
17,,834,,1,0,
17,,878,,1,0,
17,,923,,1,0,
17,,964,,1,0,
17,,1004,,1,0,
17,,1044,,1,0,
17,,1089,,1,0,
17,,1140,,1,0,
17,,1180,,1,0,
17,,1223,,1,0,
17,,1266,,1,0,
17,,1307,,1,0,
17,,1357,,1,0,
17,,1401,,1,0,
17,,1445,,1,0,
17,,1485,,1,0,
17,,1524,,1,0,
17,,1562,,0,0,
17,,1596,,1,0,
17,,1632,,0,1,
17,,1671,,0,1,
17,,1717,,0,1,
17,,1754,,0,1,
17,,1792,,0,1,
17,,1836,,0,1,
17,,1873,,0,1,
17,,1914,,0,1,
17,,1951,,0,1,
17,,1995,,0,1,
17,,2034,,0,1,
17,,2071,,0,1,
17,,2109,,0,1,
17,,2151,,0,1,
17,,2190,,0,1,
17,,2233,,0,0,
17,,2273,,0,0,
17,,2318,,0,1,
17,,2365,,0,0,
17,,2397,,0,1,
17,,2437,,0,1,
17,,2481,,0,1,
17,,2524,,0,1,
17,,2564,,0,1,
17,,2603,,0,0,
17,,2645,,0,1,
17,,2686,,0,1,
17,,2727,,0,1,
17,,2772,,0,1,
17,,2817,,0,1,
17,,2863,,0,1,
17,,2906,,0,1,
17,,2947,,0,1,
17,,2998,,1,0,
17,,3037,,1,0,
17,,3076,,1,0,
17,,3116,,1,0,
17,,3166,,0,0,
17,,3209,,0,0,
17,,3250,,1,0,
17,,3292,,1,0,
17,,3332,,1,0,
17,,3372,,1,0,
17,,3407,,1,0,
17,,3459,,0,0,
17,,3493,,0,1,
32,,0,,1,0,
32,,60,,1,0,
32,,94,,1,0,
32,,125,,1,0,
32,,162,,1,0,
32,,196,,1,0,
32,,227,,0,1,
32,,262,,1,0,
32,,307,,1,0,
32,,342,,1,0,
32,,387,,1,0,
32,,436,,1,0,
32,,476,,1,0,
32,,519,,1,0,
32,,559,,0,1,
32,,601,,1,0,
32,,645,,1,0,
32,,686,,0,0,
32,,726,,0,1,
32,,766,,1,0,
32,,806,,1,0,
32,,855,,1,0,
32,,898,,1,0,
32,,943,,1,0,
32,,986,,0,1,
32,,1028,,1,0,
32,,1062,,1,0,
32,,1111,,1,0,
32,,1152,,0,1,
32,,1194,,0,1,
32,,1239,,0,0,
32,,1285,,1,0,
32,,1334,,1,0,
32,,1377,,1,0,
32,,1416,,1,0,
32,,1458,,1,0,
32,,1503,,1,0,
32,,1546,,0,0,
32,,1589,,1,0,
32,,1633,,1,0,
32,,1675,,1,0,
32,,1714,,1,0,
32,,1757,,1,0,
32,,1800,,1,0,
32,,1843,,1,0,
32,,1885,,1,0,
32,,1928,,1,0,
32,,1973,,1,0,
32,,2014,,1,0,
32,,2051,,0,0,
32,,2095,,0,0,
32,,2136,,0,0,
32,,2180,,1,0,
32,,2224,,1,0,
32,,2263,,1,0,
32,,2302,,1,0,
32,,2346,,1,0,
32,,2386,,1,0,
32,,2431,,0,0,
32,,2474,,0,0,
32,,2517,,0,1,
32,,2558,,0,1,
32,,2597,,0,1,
32,,2634,,0,1,
32,,2668,,0,1,
32,,2702,,0,1,
32,,2741,,1,0,
32,,2778,,1,0,
32,,2815,,1,0,
32,,2852,,1,0,
32,,2895,,1,0,
32,,2933,,1,0,
32,,2974,,1,0,
32,,3012,,1,0,
32,,3051,,1,0,
32,,3089,,1,0,
32,,3143,,1,0,
32,,3182,,0,1,
32,,3220,,1,0,
32,,3271,,1,0,
32,,3303,,1,0,
32,,3334,,1,0,
32,,3378,,1,0,
32,,3420,,1,0,
32,,3461,,1,0,
32,,3500,,1,0,
32,,3538,,1,0,
32,,3585,,1,0,
32,,3619,,1,0,
32,,3659,,1,0,
32,,3698,,1,0,
32,,3738,,1,0,
32,,3775,,1,0,
32,,3818,,1,0,
32,,3854,,1,0,
32,,3884,,1,0,
32,,3926,,1,0,
32,,3966,,1,0,
32,,4003,,1,0,
32,,4048,,1,0,
32,,4086,,1,0,
32,,4128,,1,0,
32,,4165,,1,0,
32,,4207,,1,0,
25,,0,,1,0,
25,,40,,0,1,
25,,80,,0,0,
25,,129,,0,1,
25,,199,,1,0,
25,,243,,0,0,
25,,284,,1,0,
25,,327,,1,0,
25,,367,,1,0,
25,,402,,1,0,
25,,445,,1,0,
25,,490,,0,0,
25,,532,,1,0,
25,,579,,0,0,
25,,623,,1,0,
25,,677,,1,0,
25,,722,,1,0,
25,,767,,1,0,
25,,811,,0,1,
25,,861,,0,0,
25,,905,,1,0,
25,,947,,0,1,
25,,987,,1,0,
25,,1030,,1,0,
25,,1072,,1,0,
25,,1114,,1,0,
25,,1160,,1,0,
25,,1201,,1,0,
25,,1248,,0,1,
25,,1291,,0,1,
25,,1329,,0,1,
25,,1367,,0,1,
25,,1413,,0,1,
25,,1460,,0,1,
25,,1504,,0,1,
25,,1551,,0,1,
25,,1593,,0,0,
25,,1636,,0,1,
25,,1680,,0,1,
25,,1725,,0,1,
25,,1767,,0,1,
25,,1811,,0,1,
25,,1852,,0,1,
25,,1891,,0,1,
25,,1932,,0,1,
25,,1976,,0,0,
25,,2020,,0,1,
25,,2061,,0,1,
25,,2105,,0,1,
25,,2143,,0,1,
25,,2174,,0,1,
25,,2203,,0,1,
25,,2235,,0,0,
25,,2277,,0,1,
25,,2315,,0,1,
25,,2355,,0,1,
25,,2400,,0,1,
25,,2447,,0,0,
25,,2490,,0,1,
25,,2534,,0,1,
25,,2573,,0,1,
25,,2603,,0,1,
25,,2641,,0,1,
25,,2683,,0,1,
25,,2726,,0,1,
25,,2769,,0,1,
15,,0,,0,1,
15,,30,,1,0,
15,,66,,1,0,
15,,107,,1,0,
15,,147,,1,0,
15,,197,,0,0,
15,,237,,0,0,
15,,276,,0,0,
15,,318,,0,0,
15,,359,,1,0,
15,,401,,1,0,
15,,432,,1,0,
15,,478,,1,0,
15,,521,,0,1,
15,,563,,1,0,
15,,605,,0,0,
15,,654,,1,0,
15,,696,,1,0,
15,,732,,0,0,
15,,763,,1,0,
15,,800,,1,0,
15,,838,,1,0,
15,,883,,0,0,
15,,927,,0,1,
15,,970,,0,1,
15,,1007,,0,0,
15,,1049,,1,0,
15,,1091,,1,0,
15,,1138,,0,1,
15,,1183,,0,0,
15,,1224,,1,0,
15,,1270,,0,1,
15,,1312,,0,1,
15,,1358,,0,1,
15,,1400,,0,1,
15,,1447,,0,1,
15,,1490,,0,1,
15,,1527,,0,1,
15,,1566,,0,1,
15,,1610,,0,1,
15,,1654,,0,1,
15,,1697,,0,1,
15,,1739,,0,1,
15,,1782,,0,1,
15,,1826,,0,1,
15,,1872,,0,1,
15,,1917,,0,1,
15,,1957,,0,1,
15,,2003,,0,1,
15,,2048,,0,1,
15,,2085,,0,1,
15,,2128,,0,1,
15,,2171,,0,1,
15,,2222,,0,1,
15,,2266,,0,1,
15,,2308,,0,1,
15,,2351,,0,1,
15,,2392,,0,1,
39,,0,,1,0,
39,,40,,1,0,
39,,79,,1,0,
39,,114,,1,0,
39,,158,,1,0,
39,,198,,1,0,
39,,237,,1,0,
39,,282,,1,0,
39,,328,,1,0,
39,,369,,0,1,
39,,414,,1,0,
39,,452,,1,0,
39,,497,,0,1,
39,,545,,0,0,
39,,588,,1,0,
39,,630,,1,0,
39,,675,,1,0,
39,,723,,1,0,
39,,768,,0,1,
39,,810,,0,1,
39,,848,,0,1,
39,,890,,0,1,
39,,930,,0,1,
39,,972,,0,1,
39,,1013,,1,0,
39,,1045,,1,0,
39,,1085,,1,0,
39,,1125,,1,0,
39,,1169,,0,1,
39,,1217,,0,1,
39,,1256,,0,1,
39,,1300,,1,0,
39,,1344,,0,0,
39,,1381,,1,0,
39,,1414,,0,1,
39,,1458,,0,1,
39,,1499,,0,1,
39,,1544,,0,1,
39,,1586,,0,1,
39,,1631,,0,1,
39,,1674,,0,1,
39,,1718,,0,1,
39,,1758,,0,1,
39,,1801,,0,1,
39,,1842,,0,1,
39,,1889,,0,1,
39,,1933,,0,1,
39,,1976,,0,1,
39,,2019,,0,1,
39,,2061,,0,1,
39,,2101,,0,1,
39,,2146,,0,1,
39,,2182,,0,1,
39,,2219,,0,1,
39,,2264,,0,1,
39,,2312,,0,1,
39,,2353,,0,1,
39,,2389,,0,1,
39,,2430,,0,1,
39,,2472,,0,1,
39,,2513,,0,1,
39,,2562,,0,1,
39,,2599,,0,1,
39,,2642,,0,1,
39,,2679,,0,1,
39,,2723,,0,1,
39,,2768,,0,1,
39,,2810,,0,1,
39,,2852,,0,1,
39,,2891,,0,1,
39,,2935,,0,1,
39,,2977,,0,1,
39,,3017,,0,1,
39,,3055,,0,0,
39,,3103,,0,1,
39,,3146,,0,1,
39,,3190,,1,0,
39,,3238,,0,1,
39,,3277,,0,1,
39,,3316,,0,1,
39,,3352,,0,1,
39,,3387,,0,1,
39,,3422,,0,1,
39,,3463,,0,1,
39,,3500,,1,0,
39,,3537,,1,0,
39,,3575,,0,0,
39,,3613,,1,0,
39,,3648,,0,0,
39,,3686,,1,0,
39,,3719,,1,0,
39,,3751,,0,0,
39,,3779,,0,0,
39,,3814,,1,0,
14,,0,,0,0,
14,,50,,1,0,
14,,94,,1,0,
14,,137,,1,0,
14,,179,,1,0,
14,,215,,1,0,
14,,257,,1,0,
14,,304,,1,0,
14,,353,,1,0,
14,,390,,1,0,
14,,431,,1,0,
14,,472,,0,0,
14,,516,,0,0,
14,,561,,1,0,
14,,608,,0,0,
14,,643,,1,0,
14,,685,,1,0,
14,,728,,1,0,
14,,774,,0,1,
14,,819,,0,0,
14,,863,,0,1,
14,,905,,0,0,
14,,951,,0,0,
14,,997,,1,0,
14,,1046,,0,1,
14,,1090,,1,0,
14,,1133,,0,0,
14,,1179,,0,1,
14,,1220,,1,0,
14,,1270,,1,0,
14,,1308,,0,1,
14,,1359,,1,0,
14,,1402,,1,0,
14,,1447,,1,0,
14,,1492,,1,0,
14,,1531,,1,0,
14,,1570,,1,0,
14,,1615,,0,0,
14,,1659,,1,0,
14,,1698,,1,0,
14,,1737,,1,0,
14,,1778,,1,0,
14,,1814,,1,0,
14,,1859,,1,0,
14,,1903,,0,0,
14,,1945,,1,0,
14,,1987,,1,0,
14,,2029,,1,0,
14,,2071,,1,0,
14,,2112,,1,0,
14,,2154,,1,0,
14,,2197,,0,1,
14,,2240,,1,0,
14,,2283,,1,0,
14,,2325,,0,1,
14,,2373,,1,0,
14,,2416,,0,0,
14,,2464,,1,0,
14,,2502,,1,0,
14,,2541,,0,0,
14,,2578,,1,0,
14,,2619,,1,0,
14,,2660,,1,0,
14,,2693,,1,0,
14,,2735,,0,0,
14,,2779,,0,1,
14,,2825,,0,1,
14,,2861,,0,1,
14,,2893,,0,1,
14,,2929,,0,1,
14,,2967,,0,1,
14,,3006,,0,1,
14,,3038,,0,1,
14,,3075,,0,1,
14,,3116,,0,1,
14,,3157,,0,1,
14,,3203,,0,1,
14,,3236,,0,1,
14,,3278,,0,1,
14,,3318,,0,1,
14,,3352,,1,0,
14,,3395,,1,0,
14,,3437,,0,0,
14,,3477,,0,1,
14,,3520,,0,1,
14,,3559,,0,1,
14,,3597,,0,1,
14,,3638,,0,1,
14,,3677,,0,1,
14,,3718,,0,1,
14,,3758,,0,1,
14,,3796,,0,1,
14,,3840,,0,1,
14,,3884,,0,1,
14,,3924,,0,1,
14,,3959,,0,1,
14,,3998,,0,1,
14,,4034,,0,1,
14,,4077,,0,1,
14,,4122,,0,1,
14,,4174,,0,1,
14,,4220,,0,1,
14,,4266,,0,1,
14,,4314,,0,1,
14,,4354,,0,1,
14,,4392,,0,1,
14,,4439,,0,1,
14,,4483,,0,1,
14,,4526,,0,1,
14,,4572,,0,1,
14,,4619,,0,1,
14,,4664,,0,1,
14,,4698,,0,1,
14,,4742,,0,1,
14,,4785,,0,1,
14,,4828,,0,1,
14,,4875,,0,1,
14,,4916,,0,1,
14,,4959,,0,1,
14,,5000,,0,1,
14,,5038,,0,1,
14,,5073,,0,1,
14,,5106,,0,1,
14,,5142,,0,1,
14,,5175,,0,1,
14,,5215,,0,1,
14,,5253,,0,1,
14,,5295,,0,1,
14,,5330,,0,1,
14,,5371,,0,1,
14,,5411,,0,1,
45,,0,,1,0,
45,,38,,0,1,
45,,79,,0,1,
45,,113,,1,0,
45,,151,,1,0,
45,,191,,1,0,
45,,232,,1,0,
45,,273,,1,0,
45,,319,,0,1,
45,,358,,1,0,
45,,396,,0,0,
45,,438,,1,0,
45,,473,,0,1,
45,,512,,0,0,
45,,556,,0,1,
45,,593,,0,1,
45,,633,,1,0,
45,,668,,1,0,
45,,708,,1,0,
45,,741,,1,0,
45,,791,,1,0,
45,,831,,1,0,
45,,868,,1,0,
45,,907,,1,0,
45,,944,,1,0,
45,,976,,1,0,
45,,1010,,1,0,
45,,1051,,1,0,
45,,1096,,1,0,
45,,1143,,1,0,
45,,1186,,1,0,
45,,1221,,1,0,
45,,1260,,1,0,
45,,1294,,1,0,
45,,1345,,1,0,
45,,1384,,1,0,
45,,1425,,1,0,
45,,1461,,1,0,
45,,1493,,1,0,
45,,1526,,1,0,
45,,1564,,1,0,
45,,1601,,1,0,
45,,1640,,1,0,
45,,1684,,1,0,
45,,1739,,1,0,
45,,1777,,1,0,
45,,1812,,1,0,
45,,1854,,1,0,
45,,1892,,1,0,
45,,1927,,1,0,
45,,1963,,1,0,
45,,2003,,1,0,
45,,2039,,1,0,
45,,2073,,1,0,
45,,2105,,1,0,
45,,2150,,1,0,
45,,2199,,1,0,
45,,2243,,1,0,
45,,2289,,1,0,
45,,2332,,1,0,
45,,2379,,1,0,
45,,2419,,1,0,
26,,0,,0,1,
26,,44,,0,1,
26,,83,,0,1,
26,,125,,0,1,
26,,165,,0,1,
26,,208,,1,0,
26,,242,,0,1,
26,,284,,0,1,
26,,329,,0,1,
26,,374,,0,1,
26,,411,,1,0,
26,,454,,1,0,
26,,492,,1,0,
26,,526,,0,0,
26,,573,,1,0,
26,,617,,0,0,
26,,654,,1,0,
26,,698,,1,0,
26,,740,,1,0,
26,,784,,1,0,
26,,828,,1,0,
26,,870,,0,1,
26,,912,,1,0,
26,,953,,1,0,
26,,989,,1,0,
26,,1034,,1,0,
26,,1074,,1,0,
26,,1117,,1,0,
26,,1158,,1,0,
26,,1188,,1,0,
26,,1219,,1,0,
26,,1252,,1,0,
26,,1288,,1,0,
26,,1326,,1,0,
26,,1361,,1,0,
26,,1401,,1,0,
26,,1441,,1,0,
26,,1484,,1,0,
26,,1528,,1,0,
26,,1570,,1,0,
26,,1613,,0,1,
26,,1657,,0,1,
26,,1694,,0,1,
26,,1737,,0,0,
26,,1776,,0,0,
26,,1821,,0,1,
26,,1867,,1,0,
26,,1910,,0,1,
26,,1946,,1,0,
26,,1991,,0,0,
26,,2035,,1,0,
26,,2077,,1,0,
26,,2124,,1,0,
26,,2165,,1,0,
26,,2203,,1,0,
26,,2246,,1,0,
26,,2292,,1,0,
26,,2335,,1,0,
26,,2386,,0,0,
26,,2429,,1,0,
26,,2474,,1,0,
26,,2510,,1,0,
26,,2542,,1,0,
26,,2583,,0,1,
26,,2625,,1,0,
26,,2669,,1,0,
26,,2713,,1,0,
26,,2755,,0,1,
26,,2799,,0,1,
26,,2846,,0,1,
26,,2885,,0,1,
26,,2943,,0,0,
26,,2989,,0,0,
26,,3037,,0,1,
26,,3080,,0,1,
26,,3120,,1,0,
26,,3157,,1,0,
26,,3199,,0,1,
26,,3238,,1,0,
26,,3277,,1,0,
26,,3314,,1,0,
26,,3357,,1,0,
26,,3395,,1,0,
26,,3427,,1,0,
26,,3459,,1,0,
26,,3493,,1,0,
26,,3534,,1,0,
26,,3569,,1,0,
26,,3607,,1,0,
26,,3647,,1,0,
26,,3685,,1,0,
26,,3731,,1,0,
26,,3772,,1,0,
26,,3817,,1,0,
26,,3858,,1,0,
26,,3891,,1,0,
26,,3932,,1,0,
26,,3977,,1,0,
34,,0,,0,1,
34,,36,,0,1,
34,,69,,0,0,
34,,111,,0,0,
34,,151,,1,0,
34,,184,,1,0,
34,,216,,1,0,
34,,248,,0,0,
34,,281,,0,1,
34,,318,,0,1,
34,,352,,0,1,
34,,383,,0,0,
34,,415,,0,1,
34,,446,,0,1,
34,,473,,0,1,
34,,503,,0,1,
34,,540,,1,0,
34,,578,,1,0,
34,,621,,1,0,
34,,656,,0,0,
34,,695,,1,0,
34,,730,,1,0,
34,,765,,1,0,
34,,797,,1,0,
34,,830,,1,0,
34,,864,,1,0,
34,,911,,1,0,
34,,950,,1,0,
34,,992,,1,0,
34,,1038,,1,0,
34,,1084,,1,0,
34,,1132,,1,0,
34,,1174,,1,0,
34,,1212,,1,0,
34,,1248,,0,0,
34,,1296,,1,0,
34,,1342,,1,0,
34,,1380,,1,0,
34,,1416,,1,0,
34,,1449,,1,0,
34,,1483,,0,0,
34,,1528,,1,0,
34,,1571,,1,0,
34,,1619,,1,0,
34,,1659,,1,0,
34,,1691,,1,0,
34,,1731,,0,0,
34,,1775,,0,1,
34,,1808,,0,1,
34,,1847,,0,1,
34,,1888,,0,1,
34,,1928,,0,1,
34,,1969,,0,1,
34,,2008,,0,0,
34,,2049,,0,1,
34,,2091,,1,0,
34,,2129,,0,1,
34,,2166,,0,0,
34,,2201,,0,1,
34,,2236,,0,1,
34,,2275,,0,1,
34,,2317,,0,0,
34,,2355,,0,0,
34,,2391,,0,0,
34,,2434,,1,0,
34,,2476,,1,0,
34,,2513,,1,0,
34,,2552,,1,0,
34,,2584,,1,0,
34,,2626,,1,0,
34,,2671,,0,0,
34,,2718,,0,0,
34,,2751,,0,1,
41,,0,,1,0,
41,,36,,1,0,
41,,83,,1,0,
41,,124,,1,0,
41,,159,,1,0,
41,,197,,1,0,
41,,239,,1,0,
41,,280,,0,1,
41,,315,,1,0,
41,,356,,1,0,
41,,393,,1,0,
41,,425,,1,0,
41,,460,,1,0,
41,,500,,1,0,
41,,528,,1,0,
41,,557,,1,0,
41,,586,,1,0,
41,,618,,1,0,
41,,658,,0,0,
41,,695,,1,0,
41,,739,,1,0,
41,,776,,1,0,
41,,816,,1,0,
41,,857,,1,0,
41,,900,,1,0,
41,,944,,1,0,
41,,981,,1,0,
41,,1021,,0,1,
41,,1060,,0,1,
41,,1103,,0,0,
41,,1150,,1,0,
41,,1188,,1,0,
41,,1226,,1,0,
41,,1261,,1,0,
41,,1304,,1,0,
41,,1347,,1,0,
41,,1394,,1,0,
41,,1435,,1,0,
41,,1480,,1,0,
41,,1522,,1,0,
41,,1553,,1,0,
41,,1588,,1,0,
41,,1628,,1,0,
41,,1674,,1,0,
41,,1711,,1,0,
41,,1744,,1,0,
41,,1785,,1,0,
41,,1828,,1,0,
41,,1875,,1,0,
41,,1915,,1,0,
41,,1957,,1,0,
41,,2004,,1,0,
41,,2047,,1,0,
41,,2084,,1,0,
41,,2121,,1,0,
41,,2163,,1,0,
41,,2207,,1,0,
41,,2255,,1,0,
41,,2291,,1,0,
41,,2330,,1,0,
41,,2373,,0,0,
41,,2417,,0,0,
41,,2460,,0,0,
41,,2503,,0,0,
41,,2552,,1,0,
41,,2593,,0,0,
41,,2636,,0,0,
41,,2680,,0,0,
41,,2723,,1,0,
41,,2759,,0,1,
41,,2791,,1,0,
41,,2831,,1,0,
41,,2874,,0,1,
41,,2916,,1,0,
41,,2966,,0,1,
41,,3013,,1,0,
41,,3057,,0,1,
41,,3106,,1,0,
41,,3147,,0,0,
41,,3198,,1,0,
41,,3236,,1,0,
44,,0,,1,0,
44,,41,,1,0,
44,,87,,1,0,
44,,127,,0,0,
44,,166,,1,0,
44,,211,,1,0,
44,,249,,1,0,
44,,322,,0,0,
44,,358,,1,0,
44,,400,,1,0,
44,,444,,1,0,
44,,488,,1,0,
44,,538,,1,0,
44,,582,,0,0,
44,,628,,1,0,
44,,672,,1,0,
44,,712,,1,0,
44,,758,,1,0,
44,,798,,1,0,
44,,837,,1,0,
44,,881,,1,0,
44,,926,,0,0,
44,,972,,0,0,
44,,1016,,0,1,
44,,1056,,0,0,
44,,1101,,0,1,
44,,1141,,0,1,
44,,1188,,0,1,
44,,1221,,0,1,
44,,1258,,0,0,
44,,1295,,0,1,
44,,1339,,0,0,
44,,1372,,1,0,
44,,1406,,0,1,
44,,1436,,0,1,
44,,1473,,0,0,
44,,1513,,0,1,
44,,1554,,0,1,
44,,1600,,1,0,
44,,1643,,0,0,
44,,1685,,0,1,
44,,1730,,0,0,
44,,1769,,0,1,
44,,1807,,0,1,
44,,1848,,0,1,
44,,1887,,0,1,
44,,1925,,0,1,
44,,1971,,0,1,
44,,2014,,0,1,
44,,2053,,0,1,
44,,2099,,0,1,
44,,2137,,0,1,
44,,2183,,0,1,
44,,2226,,0,1,
44,,2274,,0,1,
44,,2309,,0,1,
44,,2352,,0,1,
44,,2397,,0,0,
44,,2433,,0,1,
44,,2478,,0,1,
44,,2520,,0,1,
44,,2560,,0,1,
44,,2603,,0,1,
44,,2646,,0,1,
44,,2690,,1,0,
44,,2729,,1,0,
44,,2772,,1,0,
44,,2814,,1,0,
44,,2860,,1,0,
44,,2897,,1,0,
44,,2933,,1,0,
44,,2976,,1,0,
44,,3015,,1,0,
33,,0,,0,1,
33,,44,,0,0,
33,,87,,0,1,
33,,135,,0,0,
33,,177,,0,1,
33,,219,,0,0,
33,,262,,0,0,
33,,300,,1,0,
33,,343,,0,0,
33,,384,,1,0,
33,,423,,1,0,
33,,468,,0,0,
33,,514,,0,0,
33,,555,,1,0,
33,,593,,0,1,
33,,638,,1,0,
33,,683,,1,0,
33,,722,,0,0,
33,,770,,0,1,
33,,810,,0,1,
33,,848,,0,1,
33,,891,,0,1,
33,,938,,1,0,
33,,977,,1,0,
33,,1019,,1,0,
33,,1060,,1,0,
33,,1099,,0,1,
33,,1130,,1,0,
33,,1174,,0,1,
33,,1216,,0,0,
33,,1259,,0,1,
33,,1308,,0,1,
33,,1351,,0,1,
33,,1395,,0,1,
33,,1441,,0,1,
33,,1475,,0,1,
33,,1517,,0,1,
33,,1560,,0,0,
33,,1605,,0,1,
33,,1654,,0,1,
33,,1699,,0,1,
33,,1744,,0,1,
33,,1789,,0,0,
33,,1830,,0,1,
33,,1874,,0,1,
33,,1908,,0,1,
33,,1942,,0,1,
33,,1984,,0,1,
33,,2027,,0,1,
33,,2069,,0,1,
33,,2118,,0,1,
33,,2160,,0,1,
33,,2203,,0,1,
33,,2245,,0,1,
33,,2289,,0,1,
33,,2327,,0,1,
33,,2368,,1,0,
33,,2407,,1,0,
33,,2453,,1,0,
33,,2496,,0,0,
33,,2535,,1,0,
33,,2580,,1,0,
33,,2611,,1,0,
33,,2648,,1,0,
33,,2691,,1,0,
33,,2736,,1,0,
33,,2781,,1,0,
33,,2826,,0,0,
51,,0,,0,1,
51,,44,,1,0,
51,,88,,0,0,
51,,133,,0,0,
51,,177,,1,0,
51,,217,,1,0,
51,,256,,1,0,
51,,299,,1,0,
51,,342,,1,0,
51,,385,,1,0,
51,,424,,1,0,
51,,462,,1,0,
51,,498,,1,0,
51,,544,,1,0,
51,,574,,1,0,
51,,621,,1,0,
51,,665,,1,0,
51,,699,,1,0,
51,,746,,1,0,
51,,783,,1,0,
51,,826,,1,0,
51,,874,,1,0,
51,,922,,1,0,
51,,966,,1,0,
51,,1012,,1,0,
51,,1052,,1,0,
51,,1091,,1,0,
51,,1131,,1,0,
51,,1165,,1,0,
51,,1197,,1,0,
51,,1232,,1,0,
51,,1273,,1,0,
51,,1313,,1,0,
51,,1355,,1,0,
51,,1412,,1,0,
51,,1455,,1,0,
51,,1484,,1,0,
51,,1523,,1,0,
51,,1562,,1,0,
51,,1600,,1,0,
51,,1652,,1,0,
51,,1694,,1,0,
51,,1731,,1,0,
51,,1767,,1,0,
51,,1807,,1,0,
51,,1853,,1,0,
51,,1904,,1,0,
51,,1945,,1,0,
51,,1979,,1,0,
51,,2019,,1,0,
51,,2061,,1,0,
51,,2099,,1,0,
51,,2132,,1,0,
51,,2172,,1,0,
51,,2217,,1,0,
51,,2262,,1,0,
51,,2304,,1,0,
51,,2340,,1,0,
51,,2382,,1,0,
51,,2425,,1,0,
51,,2468,,1,0,
51,,2510,,1,0,
51,,2548,,1,0,
51,,2594,,1,0,
51,,2637,,1,0,
51,,2681,,1,0,
51,,2721,,0,0,
51,,2769,,1,0,
51,,2814,,1,0,
12,,0,,0,1,
12,,46,,1,0,
12,,82,,1,0,
12,,129,,0,1,
12,,169,,0,1,
12,,213,,0,1,
12,,252,,0,1,
12,,297,,0,1,
12,,341,,0,0,
12,,387,,0,0,
12,,432,,0,1,
12,,465,,0,0,
12,,499,,0,0,
12,,541,,0,1,
12,,585,,0,1,
12,,630,,0,1,
12,,673,,0,1,
12,,715,,0,1,
12,,765,,0,1,
12,,811,,0,0,
12,,856,,0,1,
12,,901,,0,0,
12,,945,,0,0,
12,,994,,1,0,
12,,1036,,1,0,
12,,1080,,1,0,
12,,1125,,1,0,
12,,1168,,1,0,
12,,1215,,1,0,
12,,1246,,1,0,
12,,1281,,1,0,
12,,1322,,1,0,
12,,1363,,1,0,
12,,1407,,1,0,
12,,1448,,1,0,
12,,1483,,1,0,
12,,1523,,1,0,
12,,1569,,0,0,
12,,1604,,1,0,
12,,1634,,1,0,
12,,1676,,1,0,
12,,1720,,1,0,
12,,1760,,1,0,
12,,1800,,1,0,
12,,1844,,1,0,
12,,1890,,1,0,
12,,1931,,1,0,
12,,1969,,1,0,
12,,2015,,1,0,
12,,2058,,1,0,
12,,2098,,1,0,
12,,2138,,1,0,
12,,2178,,1,0,
12,,2211,,1,0,
12,,2249,,1,0,
12,,2289,,1,0,
12,,2325,,1,0,
12,,2369,,1,0,
12,,2398,,1,0,
12,,2425,,1,0,
12,,2462,,1,0,
12,,2492,,1,0,
12,,2529,,0,0,
31,,0,,1,0,
31,,35,,1,0,
31,,70,,1,0,
31,,111,,0,1,
31,,156,,0,1,
31,,197,,1,0,
31,,241,,1,0,
31,,284,,1,0,
31,,333,,1,0,
31,,376,,1,0,
31,,413,,1,0,
31,,451,,1,0,
31,,495,,1,0,
31,,544,,1,0,
31,,585,,1,0,
31,,628,,1,0,
31,,670,,1,0,
31,,710,,1,0,
31,,752,,1,0,
31,,798,,1,0,
31,,835,,1,0,
31,,877,,1,0,
31,,921,,1,0,
31,,954,,1,0,
31,,1000,,0,1,
31,,1043,,0,1,
31,,1090,,0,1,
31,,1133,,0,1,
31,,1168,,0,1,
31,,1204,,0,1,
31,,1252,,0,1,
31,,1293,,0,1,
31,,1340,,0,1,
31,,1384,,0,1,
31,,1427,,0,1,
31,,1468,,0,1,
31,,1512,,0,1,
31,,1548,,0,1,
31,,1590,,0,1,
31,,1630,,0,1,
31,,1678,,0,1,
31,,1723,,0,1,
31,,1767,,0,0,
31,,1811,,0,1,
31,,1857,,0,1,
31,,1898,,0,1,
31,,1938,,0,1,
31,,1970,,0,1,
31,,2013,,0,1,
31,,2054,,0,0,
31,,2101,,0,1,
31,,2140,,0,1,
31,,2182,,0,1,
31,,2224,,0,1,
31,,2281,,0,1,
36,,0,,0,1,
36,,37,,1,0,
36,,75,,0,0,
36,,119,,1,0,
36,,163,,1,0,
36,,204,,1,0,
36,,249,,0,0,
36,,292,,0,1,
36,,331,,0,1,
36,,374,,0,1,
36,,415,,0,1,
36,,457,,1,0,
36,,500,,1,0,
36,,542,,1,0,
36,,588,,1,0,
36,,638,,1,0,
36,,680,,1,0,
36,,719,,1,0,
36,,759,,1,0,
36,,801,,1,0,
36,,837,,1,0,
36,,877,,1,0,
36,,920,,1,0,
36,,962,,1,0,
36,,1020,,1,0,
36,,1059,,1,0,
36,,1094,,1,0,
36,,1132,,1,0,
36,,1162,,1,0,
36,,1198,,1,0,
36,,1244,,1,0,
36,,1280,,1,0,
36,,1324,,1,0,
36,,1369,,1,0,
36,,1412,,1,0,
36,,1455,,1,0,
36,,1497,,1,0,
36,,1539,,1,0,
36,,1581,,0,0,
36,,1619,,1,0,
36,,1666,,1,0,
36,,1706,,1,0,
36,,1742,,1,0,
36,,1788,,1,0,
36,,1832,,1,0,
36,,1876,,1,0,
36,,1915,,1,0,
36,,1947,,1,0,
36,,1986,,1,0,
36,,2029,,1,0,
36,,2073,,1,0,
21,,0,,0,0,
21,,48,,1,0,
21,,86,,0,1,
21,,127,,0,0,
21,,166,,1,0,
21,,207,,0,1,
21,,252,,0,0,
21,,297,,0,1,
21,,340,,1,0,
21,,380,,0,0,
21,,416,,0,1,
21,,467,,0,1,
21,,504,,0,1,
21,,546,,1,0,
21,,582,,0,1,
21,,622,,0,1,
21,,662,,0,1,
21,,707,,0,1,
21,,746,,0,1,
21,,787,,0,1,
21,,828,,0,1,
21,,866,,0,1,
21,,912,,0,1,
21,,952,,0,1,
21,,992,,0,1,
21,,1033,,0,1,
21,,1075,,0,1,
21,,1116,,0,1,
21,,1154,,0,1,
21,,1190,,0,0,
21,,1223,,0,0,
21,,1263,,1,0,
21,,1310,,0,1,
21,,1356,,0,0,
21,,1400,,1,0,
21,,1443,,1,0,
21,,1484,,1,0,
21,,1525,,1,0,
21,,1566,,1,0,
21,,1609,,1,0,
21,,1653,,1,0,
21,,1698,,1,0,
21,,1742,,1,0,
21,,1788,,0,1,
21,,1824,,1,0,
21,,1862,,1,0,
21,,1901,,1,0,
21,,1941,,1,0,
21,,1983,,1,0,
21,,2030,,0,1,
21,,2072,,0,1,
21,,2115,,0,1,
21,,2157,,0,1,
21,,2199,,0,1,
21,,2247,,0,1,
21,,2290,,0,1,
21,,2331,,0,1,
21,,2370,,0,1,
21,,2415,,0,1,
21,,2459,,0,1,
21,,2499,,0,1,
21,,2543,,0,1,
21,,2586,,1,0,
21,,2629,,0,0,
21,,2666,,1,0,
21,,2704,,0,1,
21,,2743,,1,0,
21,,2784,,1,0,
21,,2821,,1,0,
21,,2851,,1,0,
21,,2886,,1,0,
21,,2938,,1,0,
21,,2966,,0,1,
21,,3003,,0,1,
21,,3040,,0,1,
21,,3079,,0,1,
21,,3121,,0,1,
21,,3163,,0,1,
21,,3206,,0,1,
21,,3244,,1,0,
21,,3278,,1,0,
21,,3320,,1,0,
21,,3361,,1,0,
21,,3397,,1,0,
21,,3435,,1,0,
21,,3472,,1,0,
21,,3507,,1,0,
21,,3546,,1,0,
21,,3592,,1,0,
21,,3637,,1,0,
21,,3679,,1,0,
21,,3721,,1,0,
21,,3764,,1,0,
21,,3807,,1,0,
21,,3847,,1,0,
21,,3883,,1,0,
21,,3923,,0,0,
21,,3968,,0,1,
21,,4011,,0,1,
21,,4062,,0,1,
21,,4105,,0,1,
21,,4145,,0,1,
21,,4183,,0,1,
21,,4225,,0,1,
21,,4271,,0,1,
21,,4314,,0,1,
21,,4356,,0,1,
21,,4401,,0,1,
21,,4445,,0,1,
21,,4488,,0,1,
21,,4534,,0,1,
21,,4577,,0,1,
21,,4619,,0,1,
21,,4654,,0,1,
21,,4697,,0,1,
21,,4738,,0,1,
21,,4778,,0,1,
21,,4824,,0,1,
21,,4875,,0,1,
21,,4916,,0,1,
21,,4958,,0,1,
21,,4996,,0,0,
21,,5039,,0,1,
21,,5083,,0,1,
21,,5125,,0,1,
21,,5173,,0,1,
21,,5208,,0,1,
21,,5244,,0,1,
21,,5286,,0,1,
21,,5332,,0,1,
21,,5373,,0,1,
21,,5413,,0,1,
21,,5447,,0,1,
21,,5487,,0,1,
21,,5518,,0,1,
21,,5552,,0,1,
49,,0,,0,0,
49,,46,,0,0,
49,,91,,0,1,
49,,136,,0,1,
49,,172,,0,1,
49,,211,,0,1,
49,,251,,0,1,
49,,289,,0,1,
49,,324,,0,1,
49,,390,,0,1,
49,,432,,1,0,
49,,468,,0,0,
49,,504,,0,0,
49,,543,,0,0,
49,,587,,0,1,
49,,630,,0,1,
49,,667,,0,1,
49,,710,,0,1,
49,,748,,0,1,
49,,803,,0,1,
49,,848,,0,1,
49,,888,,0,1,
49,,927,,0,0,
49,,971,,0,1,
49,,1016,,0,1,
49,,1062,,0,1,
49,,1104,,0,1,
49,,1148,,0,1,
49,,1189,,0,1,
49,,1231,,0,1,
49,,1276,,0,1,
49,,1318,,0,1,
49,,1359,,0,1,
49,,1403,,0,1,
49,,1441,,0,1,
49,,1481,,0,1,
49,,1520,,0,1,
49,,1559,,0,1,
49,,1600,,0,1,
49,,1641,,1,0,
49,,1684,,0,1,
49,,1723,,1,0,
49,,1762,,0,1,
49,,1802,,0,1,
37,,0,,1,0,
37,,38,,0,1,
37,,73,,0,0,
37,,113,,1,0,
37,,162,,0,1,
37,,206,,0,1,
37,,248,,0,1,
37,,291,,0,1,
37,,336,,1,0,
37,,385,,1,0,
37,,425,,1,0,
37,,470,,0,1,
37,,515,,0,0,
37,,560,,0,0,
37,,601,,0,0,
37,,643,,0,1,
37,,688,,1,0,
37,,730,,1,0,
37,,776,,1,0,
37,,820,,1,0,
37,,858,,1,0,
37,,899,,1,0,
37,,941,,1,0,
37,,985,,1,0,
37,,1027,,1,0,
37,,1067,,1,0,
37,,1099,,1,0,
37,,1133,,1,0,
37,,1174,,0,1,
37,,1208,,0,0,
37,,1251,,1,0,
37,,1297,,1,0,
37,,1340,,0,0,
37,,1382,,1,0,
37,,1427,,1,0,
37,,1467,,1,0,
37,,1509,,1,0,
37,,1546,,1,0,
37,,1586,,1,0,
37,,1627,,1,0,
37,,1661,,1,0,
37,,1703,,1,0,
37,,1754,,1,0,
37,,1799,,0,1,
37,,1841,,0,1,
37,,1879,,0,1,
37,,1916,,0,1,
37,,1958,,0,1,
37,,1997,,0,1,
37,,2034,,0,1,
37,,2070,,0,1,
37,,2110,,0,1,
37,,2155,,0,1,
37,,2202,,0,1,
37,,2242,,0,0,
37,,2281,,0,1,
37,,2329,,0,1,
37,,2371,,0,1,
37,,2401,,0,1,
37,,2439,,0,1,
37,,2484,,1,0,
37,,2525,,1,0,
37,,2568,,0,0,
37,,2609,,1,0,
37,,2652,,0,0,
37,,2692,,1,0,
37,,2737,,1,0,
37,,2781,,1,0,
37,,2822,,0,1,
37,,2861,,0,0,
37,,2904,,1,0,
37,,2944,,1,0,
37,,2986,,1,0,
37,,3029,,0,0,
37,,3077,,1,0,
37,,3121,,1,0,
37,,3168,,1,0,
37,,3206,,1,0,
37,,3245,,1,0,
37,,3293,,1,0,
37,,3332,,1,0,
37,,3372,,1,0,
37,,3417,,1,0,
37,,3460,,1,0,
37,,3497,,1,0,
37,,3542,,1,0,
37,,3581,,1,0,
37,,3634,,1,0,
37,,3673,,1,0,
37,,3714,,0,0,
37,,3758,,1,0,
37,,3798,,1,0,
37,,3842,,0,0,
37,,3891,,1,0,
37,,3934,,1,0,
37,,3978,,1,0,
37,,4023,,1,0,
37,,4065,,1,0,
37,,4114,,1,0,
37,,4158,,1,0,
37,,4204,,1,0,
37,,4249,,1,0,
37,,4291,,0,1,
37,,4330,,0,0,
37,,4371,,0,0,
37,,4405,,0,1,
37,,4448,,0,1,
37,,4496,,0,1,
37,,4538,,0,0,
37,,4583,,0,1,
37,,4633,,0,1,
37,,4674,,0,1,
37,,4711,,0,1,
37,,4752,,1,0,
37,,4796,,1,0,
37,,4838,,0,1,
16,,0,,0,1,
16,,39,,0,1,
16,,81,,0,1,
16,,121,,0,1,
16,,156,,0,1,
16,,199,,0,1,
16,,241,,0,1,
16,,282,,0,1,
16,,323,,0,1,
16,,364,,0,1,
16,,411,,0,1,
16,,455,,0,1,
16,,500,,0,0,
16,,540,,0,0,
16,,573,,0,0,
16,,613,,1,0,
16,,650,,1,0,
16,,688,,1,0,
16,,721,,0,0,
16,,757,,0,1,
16,,789,,0,0,
16,,835,,0,1,
16,,880,,0,1,
16,,925,,0,1,
16,,967,,0,1,
16,,1014,,0,1,
16,,1058,,0,1,
16,,1099,,0,1,
16,,1145,,0,1,
16,,1187,,0,1,
16,,1231,,0,1,
16,,1276,,0,1,
16,,1318,,0,1,
16,,1354,,0,1,
16,,1394,,0,1,
16,,1438,,0,1,
16,,1483,,0,1,
16,,1524,,0,1,
16,,1571,,0,1,
16,,1615,,0,1,
16,,1666,,0,1,
16,,1710,,0,1,
16,,1753,,0,1,
16,,1796,,0,1,
16,,1840,,0,1,
16,,1876,,0,1,
16,,1921,,1,0,
16,,1964,,1,0,
16,,2001,,1,0,
16,,2039,,0,0,
16,,2072,,1,0,
16,,2107,,1,0,
16,,2143,,1,0,
16,,2182,,1,0,
16,,2227,,1,0,
16,,2270,,1,0,
16,,2308,,1,0,
16,,2343,,1,0,
16,,2381,,1,0,
16,,2417,,1,0,
16,,2462,,0,0,
16,,2503,,0,0,
16,,2543,,1,0,
16,,2578,,1,0,
16,,2620,,1,0,
16,,2664,,1,0,
16,,2709,,1,0,
16,,2754,,1,0,
16,,2793,,1,0,
16,,2830,,0,0,
16,,2866,,1,0,
16,,2903,,1,0,
16,,2943,,0,0,
16,,2976,,0,0,
16,,3007,,1,0,
16,,3046,,0,0,
16,,3087,,1,0,
16,,3133,,1,0,
16,,3174,,0,0,
16,,3210,,0,0,
16,,3251,,1,0,
16,,3294,,0,0,
16,,3337,,1,0,
16,,3382,,1,0,
16,,3421,,1,0,
16,,3460,,0,1,
16,,3498,,0,0,
16,,3535,,0,1,
16,,3572,,0,1,
16,,3611,,0,1,
16,,3647,,0,0,
16,,3683,,1,0,
16,,3728,,0,1,
16,,3767,,0,1,
16,,3811,,0,1,
16,,3849,,1,0,
16,,3892,,0,0,
16,,3932,,0,1,
16,,3974,,1,0,
16,,4022,,1,0,
16,,4062,,0,1,
16,,4113,,0,1,
16,,4157,,0,1,
16,,4199,,0,1,
16,,4232,,1,0,
16,,4273,,0,1,
16,,4315,,0,1,
16,,4357,,1,0,
16,,4397,,0,0,
16,,4429,,0,1,
16,,4472,,0,1,
16,,4516,,1,0,
16,,4564,,0,0,
16,,4602,,0,1,
16,,4647,,0,1,
16,,4694,,0,1,
16,,4735,,0,0,
48,,0,,1,0,
48,,42,,0,0,
48,,89,,0,1,
48,,132,,0,1,
48,,164,,0,0,
48,,204,,0,1,
48,,250,,0,1,
48,,290,,0,1,
48,,328,,1,0,
48,,366,,0,0,
48,,406,,0,1,
48,,444,,0,1,
48,,491,,0,1,
48,,528,,1,0,
48,,565,,0,1,
48,,609,,0,1,
48,,654,,0,1,
48,,697,,0,1,
48,,735,,0,0,
48,,776,,0,1,
48,,820,,0,1,
48,,859,,0,1,
48,,891,,0,1,
48,,930,,0,1,
48,,968,,0,1,
48,,1008,,1,0,
48,,1047,,0,1,
48,,1084,,1,0,
48,,1117,,1,0,
48,,1160,,1,0,
48,,1197,,1,0,
48,,1240,,1,0,
48,,1278,,1,0,
48,,1321,,0,0,
48,,1366,,1,0,
48,,1404,,1,0,
48,,1444,,1,0,
48,,1481,,0,1,
48,,1524,,1,0,
48,,1566,,0,1,
48,,1597,,0,1,
48,,1638,,0,1,
48,,1678,,1,0,
48,,1715,,1,0,
38,,0,,1,0,
38,,42,,0,1,
38,,81,,0,1,
38,,131,,0,1,
38,,173,,0,1,
38,,216,,0,1,
38,,261,,0,1,
38,,301,,0,1,
38,,341,,0,1,
38,,375,,0,1,
38,,413,,0,1,
38,,452,,0,1,
38,,492,,0,1,
38,,536,,0,1,
38,,578,,0,1,
38,,624,,0,1,
38,,661,,0,1,
38,,702,,0,1,
38,,747,,0,1,
38,,796,,0,1,
38,,849,,0,1,
38,,892,,0,0,
38,,920,,0,0,
38,,962,,0,1,
38,,1009,,0,1,
38,,1051,,0,1,
38,,1093,,0,1,
38,,1140,,0,1,
38,,1183,,0,1,
38,,1230,,0,1,
38,,1275,,0,1,
38,,1316,,0,1,
38,,1363,,0,1,
38,,1406,,0,1,
38,,1444,,0,1,
38,,1493,,0,1,
38,,1530,,0,1,
38,,1574,,0,1,
38,,1616,,0,1,
38,,1660,,0,1,
38,,1704,,0,1,
38,,1747,,0,1,
38,,1787,,0,1,
43,,0,,1,0,
43,,45,,0,1,
43,,83,,1,0,
43,,120,,0,1,
43,,157,,0,0,
43,,189,,0,1,
43,,235,,0,1,
43,,275,,1,0,
43,,308,,0,1,
43,,353,,0,1,
43,,399,,0,1,
43,,441,,0,1,
43,,480,,0,1,
43,,519,,0,1,
43,,569,,0,1,
43,,609,,0,1,
43,,653,,0,1,
43,,701,,0,1,
43,,744,,0,1,
43,,788,,0,1,
43,,830,,0,1,
43,,861,,0,1,
43,,897,,0,1,
43,,936,,0,1,
43,,981,,0,1,
43,,1023,,0,1,
43,,1068,,0,1,
43,,1115,,0,0,
43,,1167,,1,0,
43,,1212,,1,0,
43,,1239,,1,0,
43,,1271,,1,0,
43,,1313,,1,0,
43,,1360,,1,0,
43,,1398,,1,0,
43,,1442,,1,0,
43,,1486,,1,0,
43,,1522,,1,0,
43,,1567,,1,0,
43,,1612,,1,0,
43,,1656,,1,0,
43,,1700,,0,0,
43,,1742,,1,0,
43,,1779,,0,0,
43,,1826,,1,0,
43,,1873,,0,0,
28,,0,,0,0,
28,,36,,0,0,
28,,70,,1,0,
28,,109,,0,1,
28,,143,,0,1,
28,,179,,0,1,
28,,213,,1,0,
28,,249,,1,0,
28,,287,,0,1,
28,,324,,0,1,
28,,371,,0,1,
28,,412,,0,1,
28,,452,,0,1,
28,,497,,0,1,
28,,532,,0,1,
28,,569,,0,1,
28,,608,,0,1,
28,,645,,0,1,
28,,687,,0,1,
28,,729,,0,1,
28,,770,,0,1,
28,,806,,0,1,
28,,849,,0,1,
28,,886,,0,1,
28,,921,,0,1,
28,,961,,0,1,
28,,994,,0,1,
28,,1035,,0,1,
28,,1070,,0,1,
28,,1109,,0,1,
28,,1143,,0,1,
28,,1183,,0,1,
28,,1223,,0,1,
28,,1262,,0,1,
28,,1298,,1,0,
28,,1339,,1,0,
28,,1381,,1,0,
28,,1426,,1,0,
28,,1462,,1,0,
28,,1496,,1,0,
28,,1533,,1,0,
28,,1568,,1,0,
28,,1648,,1,0,
28,,1704,,1,0,
46,,0,,0,0,
46,,32,,0,0,
46,,70,,1,0,
46,,106,,1,0,
46,,149,,1,0,
46,,189,,1,0,
46,,221,,1,0,
46,,262,,1,0,
46,,311,,1,0,
46,,350,,1,0,
46,,398,,1,0,
46,,438,,1,0,
46,,468,,1,0,
46,,509,,1,0,
46,,554,,1,0,
46,,597,,1,0,
46,,647,,1,0,
46,,688,,1,0,
46,,732,,1,0,
46,,776,,1,0,
46,,824,,1,0,
46,,863,,1,0,
46,,903,,1,0,
46,,948,,1,0,
46,,990,,1,0,
46,,1028,,1,0,
46,,1069,,1,0,
46,,1104,,1,0,
46,,1142,,1,0,
46,,1186,,1,0,
46,,1228,,1,0,
46,,1274,,1,0,
46,,1309,,1,0,
46,,1355,,1,0,
46,,1399,,1,0,
46,,1444,,1,0,
46,,1489,,1,0,
46,,1534,,1,0,
46,,1576,,1,0,
46,,1618,,1,0,
46,,1660,,1,0,
46,,1699,,1,0,
46,,1739,,1,0,
46,,1782,,1,0,
46,,1815,,1,0,
46,,1857,,1,0,
46,,1899,,1,0,
46,,1945,,1,0,
46,,1980,,1,0,
46,,2026,,1,0,
46,,2071,,1,0,
46,,2111,,1,0,
46,,2158,,1,0,
46,,2199,,1,0,
46,,2242,,1,0,
46,,2283,,1,0,
46,,2326,,1,0,
46,,2368,,1,0,
46,,2411,,1,0,
46,,2456,,1,0,
46,,2492,,1,0,
46,,2536,,1,0,
46,,2579,,1,0,
46,,2622,,1,0,
46,,2664,,1,0,
46,,2705,,1,0,
46,,2748,,0,1,
46,,2791,,1,0,
46,,2839,,1,0,
46,,2882,,0,0,
46,,2919,,1,0,
46,,2955,,0,1,
46,,2995,,1,0,
46,,3034,,1,0,
46,,3071,,1,0,
29,,0,,0,1,
29,,34,,0,1,
29,,76,,1,0,
29,,118,,0,0,
29,,165,,1,0,
29,,208,,1,0,
29,,245,,1,0,
29,,281,,1,0,
29,,326,,1,0,
29,,371,,1,0,
29,,414,,1,0,
29,,455,,1,0,
29,,497,,1,0,
29,,533,,1,0,
29,,578,,1,0,
29,,621,,1,0,
29,,663,,1,0,
29,,705,,1,0,
29,,739,,1,0,
29,,778,,1,0,
29,,818,,1,0,
29,,864,,1,0,
29,,902,,1,0,
29,,942,,1,0,
29,,988,,1,0,
29,,1029,,1,0,
29,,1073,,1,0,
29,,1115,,1,0,
29,,1158,,1,0,
29,,1195,,1,0,
29,,1231,,1,0,
29,,1264,,1,0,
29,,1306,,1,0,
29,,1346,,1,0,
29,,1378,,1,0,
29,,1422,,1,0,
29,,1458,,1,0,
29,,1500,,0,0,
29,,1534,,0,0,
29,,1565,,1,0,
29,,1598,,1,0,
29,,1637,,0,0,
29,,1673,,1,0,
29,,1714,,1,0,
29,,1756,,1,0,
29,,1810,,1,0,
29,,1871,,0,1,
29,,1917,,0,1,
29,,1949,,0,1,
29,,1990,,1,0,
29,,2066,,0,1,
29,,2105,,0,0,
29,,2146,,0,1,
29,,2188,,0,1,
29,,2228,,0,1,
29,,2267,,0,1,
29,,2307,,0,1,
29,,2344,,0,1,
29,,2387,,0,1,
29,,2431,,0,1,
29,,2474,,0,1,
29,,2513,,0,1,
29,,2554,,0,1,
29,,2600,,0,1,
29,,2648,,0,1,
29,,2691,,1,0,
29,,2735,,0,0,
29,,2776,,1,0,
29,,2817,,1,0,
29,,2868,,1,0,
29,,2908,,1,0,
29,,2954,,1,0,
29,,3001,,0,0,
29,,3049,,0,0,
29,,3098,,0,1,
29,,3142,,0,0,
29,,3187,,1,0,
29,,3233,,0,0,
29,,3269,,1,0,
29,,3304,,0,1,
29,,3344,,1,0,
29,,3383,,0,0,
29,,3424,,0,0,
29,,3472,,0,1,
29,,3515,,0,0,
29,,3564,,1,0,
29,,3605,,0,1,
29,,3645,,0,1,
29,,3685,,0,0,
29,,3733,,0,1,
29,,3776,,0,1,
29,,3819,,1,0,
29,,3859,,1,0,
29,,3896,,1,0,
29,,3936,,1,0,
29,,3980,,1,0,
13,,0,,0,0,
13,,42,,0,0,
13,,77,,0,0,
13,,124,,1,0,
13,,169,,1,0,
13,,215,,0,0,
13,,256,,1,0,
13,,289,,0,1,
13,,328,,1,0,
13,,372,,0,0,
13,,417,,0,1,
13,,460,,0,1,
13,,507,,0,1,
13,,553,,0,1,
13,,596,,0,1,
13,,639,,0,1,
13,,685,,0,1,
13,,724,,1,0,
13,,771,,1,0,
13,,817,,1,0,
13,,866,,1,0,
13,,907,,1,0,
13,,951,,1,0,
13,,993,,1,0,
13,,1030,,1,0,
13,,1064,,1,0,
13,,1102,,1,0,
13,,1145,,0,1,
13,,1189,,0,1,
13,,1230,,0,0,
13,,1274,,0,0,
13,,1312,,0,0,
13,,1355,,0,1,
13,,1395,,0,1,
13,,1431,,0,0,
13,,1475,,0,1,
13,,1513,,0,1,
13,,1556,,0,1,
13,,1601,,0,1,
13,,1645,,0,1,
13,,1685,,0,0,
13,,1719,,0,1,
13,,1757,,0,1,
13,,1802,,0,1,
13,,1844,,0,0,
13,,1888,,0,0,
13,,1932,,0,1,
13,,1981,,0,1,
13,,2026,,1,0,
13,,2070,,1,0,
13,,2115,,0,1,
13,,2153,,0,1,
13,,2191,,1,0,
13,,2226,,0,0,
13,,2256,,1,0,
13,,2295,,1,0,
13,,2338,,1,0,
13,,2379,,0,1,
13,,2421,,0,1,
13,,2457,,1,0,
13,,2494,,1,0,
19,,0,,1,0,
19,,69,,1,0,
19,,108,,1,0,
19,,148,,0,1,
19,,197,,0,0,
19,,242,,0,1,
19,,287,,1,0,
19,,332,,1,0,
19,,373,,1,0,
19,,417,,0,1,
19,,454,,0,1,
19,,499,,0,1,
19,,541,,0,1,
19,,578,,0,1,
19,,612,,0,1,
19,,653,,0,1,
19,,692,,0,1,
19,,732,,0,1,
19,,778,,0,1,
19,,819,,0,1,
19,,856,,0,1,
19,,900,,0,1,
19,,946,,0,1,
19,,987,,0,1,
19,,1031,,1,0,
19,,1080,,1,0,
19,,1119,,1,0,
19,,1164,,1,0,
19,,1209,,1,0,
19,,1259,,1,0,
19,,1299,,1,0,
19,,1343,,0,1,
19,,1386,,0,1,
19,,1434,,0,1,
19,,1487,,0,1,
19,,1536,,0,1,
19,,1580,,0,1,
19,,1625,,0,1,
19,,1670,,0,1,
19,,1710,,0,1,
19,,1756,,0,1,
19,,1796,,0,1,
19,,1842,,0,1,
19,,1885,,0,1,
19,,1932,,0,1,
19,,1978,,0,0,
19,,2021,,0,0,
19,,2066,,0,1,
19,,2113,,0,1,
19,,2155,,0,1,
19,,2201,,0,1,
19,,2246,,0,1,
19,,2288,,1,0,
19,,2332,,1,0,
19,,2378,,0,1,
19,,2425,,1,0,
19,,2468,,0,1,
19,,2510,,0,1,
19,,2546,,1,0,
20,,0,,0,0,
20,,38,,0,1,
20,,77,,0,0,
20,,113,,1,0,
20,,156,,0,0,
20,,202,,1,0,
20,,242,,0,0,
20,,283,,1,0,
20,,327,,1,0,
20,,365,,1,0,
20,,413,,1,0,
20,,449,,1,0,
20,,483,,1,0,
20,,527,,1,0,
20,,574,,1,0,
20,,623,,1,0,
20,,661,,1,0,
20,,702,,1,0,
20,,745,,1,0,
20,,777,,1,0,
20,,817,,1,0,
20,,857,,1,0,
20,,896,,1,0,
20,,945,,1,0,
20,,988,,1,0,
20,,1029,,1,0,
20,,1076,,1,0,
20,,1116,,1,0,
20,,1160,,1,0,
20,,1204,,1,0,
20,,1246,,1,0,
20,,1288,,1,0,
20,,1330,,1,0,
20,,1366,,1,0,
20,,1408,,1,0,
20,,1450,,1,0,
20,,1492,,1,0,
20,,1530,,0,0,
20,,1568,,0,0,
20,,1611,,1,0,
20,,1651,,1,0,
20,,1685,,0,0,
20,,1720,,0,1,
20,,1755,,0,1,
20,,1785,,0,1,
20,,1816,,0,0,
20,,1856,,1,0,
20,,1895,,0,1,
20,,1928,,0,0,
20,,1961,,1,0,
20,,2000,,1,0,
20,,2039,,1,0,
24,,0,,1,0,
24,,44,,1,0,
24,,87,,1,0,
24,,125,,1,0,
24,,162,,1,0,
24,,201,,1,0,
24,,247,,1,0,
24,,284,,1,0,
24,,326,,1,0,
24,,363,,1,0,
24,,392,,1,0,
24,,420,,1,0,
24,,452,,1,0,
24,,488,,1,0,
24,,527,,1,0,
24,,565,,1,0,
24,,607,,1,0,
24,,639,,1,0,
24,,670,,1,0,
24,,704,,1,0,
24,,736,,1,0,
24,,779,,1,0,
24,,828,,1,0,
24,,870,,1,0,
24,,914,,1,0,
24,,952,,1,0,
24,,984,,1,0,
24,,1020,,1,0,
24,,1069,,1,0,
24,,1130,,1,0,
24,,1168,,1,0,
24,,1203,,1,0,
24,,1239,,1,0,
24,,1275,,1,0,
24,,1311,,1,0,
24,,1349,,1,0,
24,,1392,,0,0,
24,,1437,,0,0,
24,,1482,,0,0,
24,,1529,,0,1,
24,,1575,,0,1,
24,,1616,,0,1,
24,,1652,,1,0,
24,,1686,,1,0,
24,,1741,,1,0,
24,,1782,,1,0,
24,,1826,,1,0,
24,,1867,,1,0,
24,,1915,,1,0,
24,,1964,,1,0,
24,,2015,,1,0,
24,,2057,,1,0,
24,,2100,,1,0,
24,,2139,,1,0,
24,,2185,,1,0,
24,,2222,,1,0,
24,,2257,,1,0,
24,,2299,,1,0,
24,,2338,,1,0,
24,,2372,,1,0,
24,,2403,,1,0,
24,,2437,,1,0,
24,,2474,,1,0,
24,,2509,,1,0,
24,,2549,,1,0,
24,,2586,,1,0,
24,,2628,,1,0,
24,,2669,,1,0,
22,,0,,1,0,
22,,34,,0,1,
22,,83,,0,0,
22,,128,,0,1,
22,,173,,0,1,
22,,218,,1,0,
22,,262,,1,0,
22,,301,,0,0,
22,,340,,0,1,
22,,381,,1,0,
22,,424,,1,0,
22,,464,,1,0,
22,,508,,1,0,
22,,548,,1,0,
22,,594,,1,0,
22,,633,,0,0,
22,,671,,0,1,
22,,711,,0,0,
22,,750,,0,1,
22,,786,,0,1,
22,,830,,0,1,
22,,873,,0,1,
22,,917,,0,1,
22,,968,,1,0,
22,,1007,,1,0,
22,,1044,,0,0,
22,,1083,,0,1,
22,,1118,,0,1,
22,,1150,,0,0,
22,,1204,,1,0,
22,,1253,,1,0,
22,,1283,,0,0,
22,,1318,,0,1,
22,,1355,,0,0,
22,,1396,,0,0,
22,,1444,,1,0,
22,,1486,,0,1,
22,,1530,,0,1,
22,,1572,,0,1,
22,,1618,,0,1,
22,,1657,,0,1,
22,,1703,,0,1,
22,,1742,,0,0,
22,,1786,,0,1,
22,,1826,,0,1,
22,,1857,,0,1,
22,,1893,,0,0,
22,,1936,,1,0,
22,,1972,,0,1,
22,,2008,,0,1,
22,,2048,,0,1,
22,,2096,,0,1,
22,,2140,,0,1,
22,,2179,,0,1,
22,,2221,,0,1,
22,,2265,,0,1,
22,,2308,,1,0,
22,,2343,,0,0,
22,,2385,,1,0,
22,,2429,,1,0,
22,,2472,,1,0,
22,,2516,,1,0,
22,,2560,,0,0,
22,,2604,,0,1,
22,,2644,,0,1,
42,,0,,0,1,
42,,38,,1,0,
42,,78,,0,1,
42,,117,,1,0,
42,,160,,1,0,
42,,193,,1,0,
42,,231,,0,1,
42,,271,,1,0,
42,,307,,0,0,
42,,343,,1,0,
42,,379,,1,0,
42,,412,,1,0,
42,,444,,1,0,
42,,477,,1,0,
42,,510,,1,0,
42,,541,,1,0,
42,,574,,0,0,
42,,616,,1,0,
42,,659,,1,0,
42,,696,,1,0,
42,,741,,1,0,
42,,786,,0,1,
42,,826,,0,1,
42,,864,,0,1,
42,,905,,0,1,
42,,946,,0,1,
42,,990,,0,1,
42,,1027,,0,1,
42,,1073,,0,1,
42,,1122,,0,1,
42,,1164,,0,1,
42,,1212,,0,1,
42,,1250,,0,1,
42,,1291,,0,1,
42,,1330,,0,1,
42,,1374,,0,1,
42,,1416,,0,1,
42,,1453,,0,1,
42,,1494,,0,1,
42,,1535,,0,1,
42,,1575,,0,1,
42,,1622,,0,1,
42,,1671,,0,1,
42,,1714,,0,1,
42,,1759,,0,1,
42,,1803,,0,0,
42,,1852,,0,0,
42,,1896,,1,0,
42,,1933,,0,1,
42,,1991,,0,1,
42,,2023,,0,1,
42,,2063,,1,0,
42,,2104,,0,0,
42,,2146,,1,0,
42,,2185,,1,0,
42,,2225,,0,1,
50,,0,,0,1,
50,,45,,0,0,
50,,91,,0,0,
50,,142,,1,0,
50,,186,,0,0,
50,,227,,1,0,
50,,269,,1,0,
50,,308,,0,0,
50,,355,,0,0,
50,,395,,0,1,
50,,428,,0,1,
50,,470,,0,1,
50,,514,,1,0,
50,,551,,0,1,
50,,596,,0,1,
50,,641,,1,0,
50,,688,,0,0,
50,,730,,0,1,
50,,774,,0,0,
50,,812,,1,0,
50,,846,,1,0,
50,,881,,1,0,
50,,926,,1,0,
50,,971,,1,0,
50,,1010,,0,0,
50,,1057,,1,0,
50,,1105,,0,0,
50,,1147,,0,1,
50,,1191,,0,0,
50,,1225,,0,0,
50,,1273,,1,0,
50,,1311,,1,0,
50,,1350,,1,0,
50,,1386,,1,0,
50,,1421,,1,0,
50,,1454,,1,0,
50,,1520,,1,0,
50,,1563,,1,0,
50,,1599,,1,0,
50,,1640,,1,0,
50,,1686,,1,0,
50,,1731,,1,0,
50,,1776,,1,0,
50,,1822,,1,0,
50,,1869,,1,0,
50,,1911,,1,0,
50,,1956,,1,0,
50,,1998,,1,0,
50,,2041,,1,0,
50,,2080,,1,0,
50,,2122,,1,0,
50,,2174,,1,0,
50,,2215,,1,0,
50,,2257,,1,0,
50,,2300,,1,0,
50,,2345,,1,0,
18,,0,,1,0,
18,,35,,1,0,
18,,77,,1,0,
18,,117,,1,0,
18,,158,,1,0,
18,,199,,1,0,
18,,239,,1,0,
18,,281,,1,0,
18,,319,,1,0,
18,,359,,1,0,
18,,399,,1,0,
18,,449,,1,0,
18,,491,,1,0,
18,,533,,1,0,
18,,574,,1,0,
18,,615,,1,0,
18,,687,,1,0,
18,,727,,1,0,
18,,771,,1,0,
18,,815,,1,0,
18,,860,,0,1,
18,,910,,0,1,
18,,943,,0,0,
18,,983,,0,1,
18,,1025,,0,1,
18,,1067,,0,0,
18,,1111,,0,1,
18,,1155,,0,0,
18,,1195,,0,1,
18,,1229,,0,1,
18,,1262,,0,1,
18,,1293,,0,1,
18,,1330,,0,1,
18,,1374,,0,0,
18,,1420,,0,1,
18,,1464,,0,0,
18,,1511,,0,1,
18,,1554,,0,1,
18,,1600,,0,1,
18,,1634,,0,0,
18,,1678,,0,0,
18,,1713,,0,0,
18,,1759,,1,0,
18,,1805,,1,0,
18,,1850,,1,0,
18,,1891,,1,0,
18,,1932,,1,0,
18,,1975,,1,0,
18,,2009,,1,0,
18,,2045,,1,0,
18,,2087,,0,0,
18,,2132,,1,0,
18,,2173,,1,0,
18,,2217,,1,0,
18,,2266,,1,0,
18,,2311,,1,0,
18,,2348,,1,0,
18,,2389,,1,0,
18,,2435,,1,0,
18,,2478,,1,0,
18,,2518,,1,0,
18,,2562,,1,0,
18,,2607,,1,0,
18,,2645,,1,0,
18,,2691,,1,0,
18,,2732,,1,0,
18,,2779,,1,0,
18,,2822,,0,1,
18,,2861,,0,1,
18,,2895,,0,1,
18,,2932,,0,1,
18,,2971,,0,1,
18,,3011,,0,1,
18,,3050,,0,1,
18,,3090,,0,1,
18,,3133,,0,1,
18,,3172,,0,1,
18,,3212,,0,1,
18,,3250,,0,1,
18,,3292,,0,1,
18,,3335,,0,1,
18,,3378,,0,1,
18,,3418,,0,1,
18,,3462,,0,1,
18,,3503,,0,1,
18,,3545,,0,1,
18,,3592,,0,1,
18,,3652,,0,1,
18,,3700,,0,1,
18,,3743,,0,1,
18,,3786,,0,1,
18,,3839,,0,1,
18,,3883,,0,1,
18,,3922,,0,1,
18,,3956,,0,1,
18,,3995,,0,1,
18,,4037,,0,1,
18,,4081,,0,1,
18,,4123,,0,1,
18,,4163,,0,1,
18,,4200,,0,1,
18,,4237,,0,1,
18,,4280,,0,1,
18,,4317,,0,1,
18,,4361,,0,1,
18,,4406,,0,1,
18,,4450,,0,1,
18,,4492,,0,1,
18,,4533,,0,1,
18,,4577,,0,1,
18,,4613,,0,1,
18,,4649,,0,1,
18,,4686,,0,1,
18,,4727,,0,1,
18,,4768,,0,1,
18,,4805,,0,1,
52,,0,,1,0,
52,,33,,1,0,
52,,72,,1,0,
52,,115,,0,1,
52,,155,,1,0,
52,,198,,1,0,
52,,237,,1,0,
52,,279,,1,0,
52,,322,,1,0,
52,,353,,1,0,
52,,384,,1,0,
52,,425,,1,0,
52,,468,,1,0,
52,,513,,1,0,
52,,557,,1,0,
52,,600,,1,0,
52,,635,,1,0,
52,,681,,1,0,
52,,725,,1,0,
52,,769,,1,0,
52,,815,,1,0,
52,,861,,1,0,
52,,905,,1,0,
52,,950,,1,0,
52,,996,,1,0,
52,,1042,,1,0,
52,,1089,,1,0,
52,,1136,,1,0,
52,,1177,,1,0,
52,,1223,,1,0,
52,,1265,,1,0,
52,,1304,,1,0,
52,,1355,,1,0,
52,,1400,,1,0,
52,,1439,,1,0,
52,,1476,,1,0,
52,,1519,,1,0,
52,,1560,,1,0,
52,,1604,,1,0,
52,,1645,,1,0,
52,,1690,,1,0,
52,,1729,,1,0,
52,,1774,,1,0,
52,,1820,,1,0,
52,,1865,,1,0,
52,,1907,,1,0,
52,,1943,,1,0,
52,,1984,,1,0,
52,,2026,,1,0,
52,,2068,,1,0,
40,,0,,0,0,
40,,39,,0,0,
40,,79,,1,0,
40,,123,,0,0,
40,,167,,0,0,
40,,207,,1,0,
40,,247,,1,0,
40,,282,,0,0,
40,,327,,0,0,
40,,371,,0,1,
40,,415,,0,0,
40,,463,,0,0,
40,,503,,0,0,
40,,544,,0,0,
40,,588,,0,1,
40,,626,,0,0,
40,,673,,0,0,
40,,717,,0,1,
40,,764,,0,0,
40,,806,,1,0,
40,,847,,0,0,
40,,895,,0,0,
40,,957,,0,1,
40,,991,,0,1,
40,,1031,,0,0,
40,,1074,,0,1,
40,,1120,,0,1,
40,,1155,,0,1,
40,,1197,,0,1,
40,,1234,,0,1,
40,,1278,,0,1,
40,,1325,,0,1,
40,,1369,,1,0,
40,,1413,,1,0,
40,,1459,,0,1,
40,,1502,,0,1,
40,,1548,,0,0,
40,,1590,,1,0,
40,,1636,,0,1,
40,,1679,,0,0,
40,,1725,,0,1,
40,,1765,,0,1,
40,,1805,,0,1,
40,,1848,,0,1,
40,,1890,,0,1,
40,,1950,,0,0,
40,,2004,,1,0,
40,,2048,,1,0,
40,,2091,,1,0,
40,,2140,,0,0,
40,,2179,,1,0,
40,,2220,,1,0,
40,,2258,,1,0,
40,,2301,,1,0,
40,,2343,,1,0,
40,,2389,,1,0,
40,,2438,,1,0,
40,,2483,,1,0,
40,,2526,,1,0,
40,,2572,,1,0,
40,,2618,,0,1,
40,,2661,,0,0,
40,,2701,,0,1,
40,,2734,,0,1,
40,,2777,,0,1,
40,,2893,,0,0,
40,,2944,,1,0,
30,,0,,0,1,
30,,35,,0,0,
30,,76,,0,1,
30,,110,,1,0,
30,,145,,0,0,
30,,189,,0,0,
30,,227,,0,1,
30,,269,,1,0,
30,,316,,1,0,
30,,356,,1,0,
30,,403,,0,0,
30,,447,,1,0,
30,,479,,0,0,
30,,522,,1,0,
30,,560,,0,0,
30,,600,,1,0,
30,,645,,1,0,
30,,686,,1,0,
30,,720,,0,0,
30,,767,,0,1,
30,,811,,0,0,
30,,848,,0,0,
30,,889,,0,0,
30,,934,,1,0,
30,,981,,1,0,
30,,1024,,1,0,
30,,1068,,0,0,
30,,1109,,1,0,
30,,1146,,1,0,
30,,1180,,0,0,
30,,1223,,1,0,
30,,1264,,1,0,
30,,1311,,1,0,
30,,1357,,1,0,
30,,1398,,1,0,
30,,1438,,1,0,
30,,1481,,1,0,
30,,1515,,1,0,
30,,1550,,1,0,
30,,1591,,1,0,
30,,1624,,1,0,
30,,1665,,1,0,
30,,1727,,1,0,
30,,1773,,0,1,
30,,1803,,0,0,
30,,1835,,1,0,
30,,1873,,0,0,
30,,1913,,0,0,
30,,1955,,1,0,
30,,1999,,0,0,
30,,2039,,1,0,
30,,2081,,0,1,
30,,2126,,0,1,
30,,2163,,0,1,
30,,2203,,1,0,
30,,2240,,0,1,
30,,2278,,0,1,
30,,2322,,0,1,
30,,2359,,0,1,
30,,2401,,0,1,
30,,2441,,0,1,
30,,2489,,0,1,
30,,2527,,0,1,
30,,2565,,0,1,
30,,2604,,0,1,
30,,2646,,0,1,
30,,2685,,0,1,
30,,2728,,0,1,
30,,2764,,0,1,
30,,2802,,1,0,
30,,2833,,1,0,
30,,2862,,1,0,
30,,2903,,0,0,
30,,2939,,1,0,
30,,2977,,1,0,
30,,3013,,1,0,
30,,3052,,1,0,
30,,3092,,1,0,
30,,3129,,1,0,
30,,3164,,1,0,
30,,3202,,1,0,
30,,3238,,1,0,
30,,3281,,1,0,
30,,3316,,1,0,
30,,3351,,1,0,
30,,3392,,1,0,
30,,3431,,1,0,
30,,3479,,1,0,
30,,3519,,1,0,
30,,3551,,1,0,
30,,3586,,1,0,
30,,3620,,1,0,
30,,3661,,1,0,
30,,3702,,1,0,
30,,3741,,1,0,
30,,3782,,1,0,
30,,3823,,1,0,
30,,3861,,1,0,
30,,3907,,1,0,
30,,3949,,1,0,
30,,3992,,1,0,
30,,4032,,1,0,
30,,4070,,1,0,
30,,4112,,1,0,
30,,4150,,0,0,
30,,4191,,0,0,
30,,4232,,1,0,
27,,0,,0,0,
27,,44,,0,1,
27,,89,,0,0,
27,,132,,0,1,
27,,174,,0,1,
27,,217,,0,0,
27,,262,,0,0,
27,,308,,0,1,
27,,353,,0,1,
27,,397,,0,1,
27,,441,,0,1,
27,,481,,0,1,
27,,521,,0,0,
27,,561,,0,1,
27,,599,,0,1,
27,,643,,0,1,
27,,685,,0,1,
27,,723,,0,1,
27,,767,,0,1,
27,,806,,0,1,
27,,849,,0,1,
27,,891,,0,1,
27,,918,,0,0,
27,,952,,0,1,
27,,993,,0,1,
27,,1030,,0,1,
27,,1067,,0,1,
27,,1103,,0,1,
27,,1138,,0,1,
27,,1176,,0,1,
27,,1221,,0,1,
27,,1262,,0,0,
27,,1296,,0,1,
27,,1330,,0,1,
27,,1363,,0,1,
27,,1397,,0,1,
27,,1439,,0,1,
27,,1472,,0,1,
27,,1505,,0,1,
27,,1538,,0,1,
27,,1570,,0,1,
27,,1608,,0,1,
27,,1650,,0,1,
27,,1692,,0,1,
27,,1738,,1,0,
27,,1777,,1,0,
27,,1815,,0,0,
27,,1858,,0,1,
27,,1890,,1,0,
27,,1930,,0,1,
27,,1973,,1,0,
27,,2009,,1,0,
27,,2053,,1,0,
27,,2098,,1,0,
27,,2137,,0,0,
27,,2176,,0,1,
27,,2219,,0,1,
27,,2266,,0,1,
27,,2309,,0,1,
27,,2349,,0,1,
27,,2394,,0,1,
27,,2438,,0,1,
27,,2483,,0,1,
27,,2531,,0,1,
27,,2577,,0,1,
27,,2622,,0,1,
27,,2664,,0,1,
27,,2708,,0,1,
27,,2749,,0,1,
27,,2791,,0,1,
27,,2836,,0,1,
27,,2876,,0,1,
27,,2915,,0,1,
27,,2951,,0,1,
27,,2998,,0,1,
27,,3037,,0,1,
27,,3082,,0,1,
27,,3125,,0,0,
27,,3160,,0,1,
27,,3200,,0,1,
27,,3242,,0,1,
27,,3287,,0,1,
27,,3332,,1,0,
27,,3368,,1,0,
27,,3411,,1,0,