trial,times,_right_canvas,_left_canvas,Unnamed: 4
6,0,0,1,
6,33,0,1,
6,60,0,1,
6,88,0,1,
6,120,0,1,
6,152,0,1,
6,183,0,1,
6,217,0,1,
6,250,0,1,
6,284,0,1,
6,310,0,1,
6,338,0,1,
6,368,0,1,
6,403,0,1,
6,435,0,1,
6,468,0,1,
6,501,0,1,
6,528,0,1,
6,561,0,1,
6,589,0,1,
6,622,0,1,
6,658,0,1,
6,688,0,1,
6,718,0,0,
6,751,0,1,
6,784,0,0,
6,818,0,1,
6,851,0,1,
6,884,0,1,
6,915,0,1,
6,944,0,1,
6,976,0,1,
6,1007,0,1,
7,0,1,0,
7,29,1,0,
7,61,0,0,
7,92,0,0,
7,124,1,0,
7,155,0,0,
7,184,1,0,
7,216,1,0,
7,249,1,0,
7,283,1,0,
7,317,1,0,
7,350,1,0,
7,384,1,0,
7,417,0,0,
7,451,0,0,
7,484,0,0,
7,518,0,0,
7,551,0,0,
7,585,1,0,
7,618,1,0,
7,651,0,0,
7,684,1,0,
7,717,1,0,
7,752,1,0,
7,784,1,0,
7,811,1,0,
7,842,1,0,
7,868,1,0,
7,905,1,0,
7,944,1,0,
7,971,1,0,
7,1003,0,0,
7,1031,0,0,
7,1063,0,0,
7,1091,1,0,
7,1123,1,0,
7,1155,0,0,
7,1186,0,0,
7,1218,0,0,
7,1252,0,0,
7,1285,0,0,
7,1319,0,0,
7,1352,0,0,
8,0,0,1,
8,34,1,0,
8,66,1,0,
8,100,1,0,
8,133,1,0,
8,166,1,0,
8,200,1,0,
8,233,1,0,
8,266,1,0,
8,301,0,0,
8,333,1,0,
8,366,0,0,
8,399,1,0,
8,434,0,1,
8,466,0,1,
8,499,0,1,
8,527,0,1,
8,560,0,1,
8,592,0,0,
8,624,0,1,
8,656,0,1,
8,687,0,1,
8,718,0,1,
8,750,0,1,
8,784,0,1,
8,817,0,1,
8,850,0,1,
8,884,0,1,
8,917,0,1,
8,950,0,1,
8,976,0,1,
8,1008,0,1,
8,1037,0,1,
8,1069,0,1,
7,0,1,0,
7,34,1,0,
7,67,1,0,
7,100,1,0,
7,134,1,0,
7,162,1,0,
7,190,1,0,
7,221,1,0,
7,251,1,0,
7,285,1,0,
7,318,1,0,
7,351,1,0,
7,385,1,0,
7,418,1,0,
7,453,1,0,
7,486,1,0,
7,518,1,0,
7,551,1,0,
7,584,0,0,
7,617,0,0,
7,650,0,0,
7,684,0,0,
7,717,0,0,
7,743,0,0,
7,775,0,0,
7,808,0,0,
7,839,1,0,
7,869,1,0,
7,897,1,0,
7,928,1,0,
7,961,1,0,
7,992,1,0,
7,1023,1,0,
8,0,1,0,
8,44,1,0,
8,90,1,0,
8,130,1,0,
8,157,1,0,
8,188,1,0,
8,220,1,0,
8,253,1,0,
8,286,0,0,
8,316,1,0,
8,347,1,0,
8,382,1,0,
8,415,0,0,
8,441,0,0,
8,473,0,0,
8,507,0,0,
8,548,0,0,
8,582,0,0,
8,615,0,0,
8,648,0,0,
8,681,1,0,
8,714,1,0,
8,748,1,0,
8,781,1,0,
8,815,0,1,
8,848,0,1,
8,881,0,1,
8,914,0,0,
8,944,0,0,
8,976,0,0,
8,1003,0,0,
10,0,1,0,
10,35,1,0,
10,71,1,0,
10,103,1,0,
10,134,1,0,
10,168,1,0,
10,201,1,0,
10,235,1,0,
10,268,1,0,
10,303,1,0,
10,335,1,0,
10,368,1,0,
10,401,1,0,
10,435,1,0,
10,461,1,0,
10,489,1,0,
10,520,1,0,
10,551,1,0,
10,586,1,0,
10,618,1,0,
10,651,0,0,
10,684,0,0,
10,718,1,0,
10,746,1,0,
10,778,1,0,
10,806,1,0,
10,838,1,0,
10,869,0,0,
10,904,1,0,
10,935,1,0,
11,0,0,1,
11,28,0,0,
11,60,0,1,
11,92,0,0,
11,125,0,1,
11,157,0,1,
11,188,0,1,
11,218,0,1,
11,250,0,1,
11,284,0,1,
11,317,0,1,
11,350,0,1,
11,383,0,1,
11,419,0,1,
11,450,0,1,
11,483,0,1,
11,517,0,1,
11,551,0,1,
11,584,0,1,
11,616,0,1,
11,650,0,1,
11,684,0,1,
11,717,0,1,
11,751,0,1,
11,784,0,1,
11,813,0,1,
11,840,0,1,
11,872,0,1,
12,0,0,1,
12,34,0,1,
12,67,0,1,
12,101,0,1,
12,134,0,0,
12,167,0,0,
12,201,0,1,
12,230,0,1,
12,258,0,1,
12,289,0,1,
12,319,0,1,
12,351,0,1,
12,384,0,1,
12,417,0,1,
12,450,0,1,
12,484,1,0,
12,517,1,0,
12,550,1,0,
12,584,1,0,
12,617,1,0,
12,650,1,0,
12,683,0,1,
12,717,1,0,
12,751,1,0,
12,779,1,0,
12,812,1,0,
12,851,1,0,
13,0,0,1,
13,46,0,1,
13,75,0,1,
13,103,0,1,
13,135,0,1,
13,167,0,1,
13,200,0,1,
13,234,0,1,
13,267,0,0,
13,300,0,1,
13,333,0,1,
13,361,0,1,
13,393,0,1,
13,427,0,1,
13,459,0,1,
13,487,0,1,
13,517,0,1,
13,549,0,1,
13,584,0,0,
13,617,0,1,
13,650,0,0,
13,687,0,1,
13,732,0,1,
13,767,0,1,
13,801,0,1,
13,834,0,1,
13,867,0,1,
13,918,0,1,
14,0,0,1,
14,29,0,1,
14,60,0,1,
14,88,0,1,
14,120,0,1,
14,154,0,1,
14,185,0,1,
14,217,0,1,
14,244,0,1,
14,275,0,1,
14,304,0,0,
14,336,0,0,
14,367,0,1,
14,401,0,0,
14,435,0,0,
14,468,0,1,
14,502,0,1,
14,536,0,0,
14,569,1,0,
14,602,1,0,
14,634,1,0,
14,660,1,0,
14,688,0,0,
14,719,1,0,
14,751,0,0,
14,784,1,0,
14,818,1,0,
14,856,1,0,
14,887,1,0,
14,919,1,0,
14,953,0,0,
14,985,1,0,
14,1017,0,0,
14,1051,0,0,
14,1079,0,0,
14,1107,0,0,
14,1138,0,0,
14,1171,0,0,
14,1203,1,0,
14,1237,1,0,
14,1268,1,0,
14,1302,0,1,
14,1336,0,1,
14,1370,1,0,
14,1403,1,0,
14,1436,1,0,
14,1469,1,0,
14,1503,0,0,
14,1536,0,0,
14,1570,0,0,
14,1604,0,0,
14,1637,0,0,
14,1670,0,0,
14,1704,0,0,
14,1737,0,0,
14,1771,1,0,
14,1803,1,0,
14,1836,1,0,
14,1869,1,0,
14,1903,0,0,
14,1937,0,0,
14,1969,1,0,
14,2002,0,0,
14,2036,0,0,
14,2069,0,0,
14,2095,0,0,
14,2126,0,0,
14,2156,1,0,
14,2187,1,0,
14,2220,1,0,
14,2254,1,0,
14,2288,0,1,
14,2321,0,0,
14,2354,0,1,
14,2380,0,1,
14,2406,0,0,
14,2438,0,0,
14,2471,0,0,
14,2505,0,0,
14,2539,0,0,
14,2574,0,0,
14,2606,0,1,
14,2640,0,0,
15,0,0,1,
15,34,0,1,
15,67,0,1,
15,94,0,1,
15,127,0,1,
15,164,0,1,
15,200,0,1,
15,233,0,1,
15,266,0,1,
15,299,0,1,
15,331,0,1,
15,365,0,0,
15,399,0,0,
15,432,0,1,
15,466,1,0,
15,499,1,0,
15,532,0,0,
15,565,1,0,
15,598,1,0,
15,632,1,0,
15,666,1,0,
15,699,1,0,
15,732,1,0,
15,770,1,0,
15,800,1,0,
15,832,1,0,
15,865,0,0,
15,898,1,0,
15,932,1,0,
15,965,1,0,
15,999,1,0,
15,1032,1,0,
15,1067,0,0,
15,1100,0,0,
15,1133,0,1,
15,1166,0,1,
15,1199,0,1,
15,1233,0,1,
15,1266,0,1,
15,1300,0,1,
15,1326,0,1,
15,1353,0,1,
15,1383,0,1,
15,1417,0,0,
15,1450,0,1,
15,1483,0,0,
15,1511,0,1,
15,1543,1,0,
15,1576,1,0,
15,1608,1,0,
15,1641,1,0,
15,1678,1,0,
15,1707,1,0,
15,1738,1,0,
15,1769,1,0,
16,0,1,0,
16,37,1,0,
16,69,1,0,
16,105,1,0,
16,145,1,0,
16,180,1,0,
16,215,1,0,
16,248,1,0,
16,279,1,0,
16,312,0,1,
16,342,0,1,
16,370,0,0,
16,406,1,0,
16,433,1,0,
16,466,1,0,
16,503,1,0,
16,533,0,0,
16,562,0,0,
16,596,1,0,
16,629,0,0,
16,664,0,1,
16,696,0,1,
16,729,0,1,
16,762,1,0,
16,796,0,0,
16,830,0,0,
16,863,0,0,
16,896,0,0,
17,0,0,0,
17,33,0,0,
17,66,0,1,
17,98,0,1,
17,131,0,1,
17,164,0,1,
17,197,0,1,
17,230,0,1,
17,263,0,1,
17,297,0,0,
17,331,0,1,
17,364,0,0,
17,397,0,0,
17,433,0,0,
17,478,0,1,
17,514,0,0,
17,547,0,1,
17,583,0,1,
17,614,0,1,
17,648,0,1,
17,681,0,1,
17,715,0,0,
17,748,1,0,
17,782,0,0,
17,815,0,0,
17,848,0,0,
17,883,1,0,
17,917,1,0,
17,949,1,0,
17,977,1,0,
17,1004,1,0,
17,1032,1,0,
17,1066,1,0,
17,1099,1,0,
17,1149,0,0,
18,0,1,0,
18,34,1,0,
18,67,1,0,
18,101,1,0,
18,134,1,0,
18,168,1,0,
18,201,1,0,
18,235,1,0,
18,269,1,0,
18,302,1,0,
18,330,1,0,
18,360,1,0,
18,392,1,0,
18,423,1,0,
18,454,1,0,
18,484,0,0,
18,517,0,0,
18,551,1,0,
18,584,1,0,
18,618,1,0,
18,645,1,0,
18,672,1,0,
18,706,1,0,
18,738,1,0,
18,769,1,0,
18,802,1,0,
18,832,1,0,
18,861,1,0,
18,889,1,0,
18,921,1,0,
18,954,1,0,
18,987,0,0,
18,1020,0,0,
18,1053,0,0,
18,1087,1,0,
18,1120,1,0,
18,1154,1,0,
18,1187,1,0,
18,1220,1,0,
18,1254,1,0,
18,1287,1,0,
18,1313,1,0,
18,1345,1,0,
18,1377,1,0,
18,1408,1,0,
18,1438,1,0,
18,1470,1,0,
18,1504,0,0,
18,1537,0,0,
18,1571,0,0,
18,1604,0,0,
18,1638,1,0,
18,1674,1,0,
18,1708,1,0,
18,1740,1,0,
18,1772,1,0,
18,1806,1,0,
18,1839,1,0,
18,1873,1,0,
18,1907,1,0,
18,1940,1,0,
18,1973,1,0,
18,2007,1,0,
18,2041,1,0,
18,2073,1,0,
18,2107,1,0,
18,2140,1,0,
18,2174,1,0,
18,2207,1,0,
18,2240,1,0,
18,2267,1,0,
18,2296,1,0,
18,2327,1,0,
18,2359,1,0,
18,2389,1,0,
18,2423,1,0,
18,2456,1,0,
18,2490,1,0,
18,2523,1,0,
18,2558,1,0,
18,2591,1,0,
18,2624,1,0,
18,2657,1,0,
18,2691,1,0,
18,2724,1,0,
18,2757,1,0,
18,2791,1,0,
18,2824,1,0,
18,2857,1,0,
18,2890,1,0,
18,2923,1,0,
18,2957,1,0,
18,2990,1,0,
18,3023,1,0,
18,3056,1,0,
18,3090,1,0,
18,3123,1,0,
18,3156,1,0,
18,3189,1,0,
18,3223,1,0,
18,3256,1,0,
18,3290,1,0,
18,3323,1,0,
18,3359,1,0,
18,3390,1,0,
18,3423,1,0,
18,3456,1,0,
18,3490,1,0,
18,3523,1,0,
18,3556,1,0,
18,3590,0,0,
18,3623,0,0,
18,3656,1,0,
18,3684,1,0,
18,3723,1,0,
18,3757,0,0,
19,0,1,0,
19,34,1,0,
19,70,1,0,
19,104,1,0,
19,135,0,1,
19,168,1,0,
19,202,1,0,
19,236,0,0,
19,269,0,0,
19,302,0,0,
19,336,0,0,
19,368,0,0,
19,402,0,0,
19,435,0,0,
19,468,0,0,
19,502,0,1,
19,535,0,1,
19,564,0,1,
19,601,0,1,
19,645,0,1,
19,678,0,1,
19,709,0,1,
19,741,0,1,
19,773,0,1,
19,818,0,1,
20,0,1,0,
20,32,1,0,
20,65,1,0,
20,98,1,0,
20,131,1,0,
20,165,0,1,
20,199,0,0,
20,232,1,0,
20,266,0,0,
20,299,1,0,
20,332,0,0,
20,366,0,0,
20,399,1,0,
20,432,1,0,
20,465,1,0,
20,492,1,0,
20,528,1,0,
20,555,1,0,
20,586,1,0,
20,618,1,0,
20,652,1,0,
20,683,1,0,
20,711,1,0,
20,743,1,0,
20,776,1,0,
20,807,1,0,
20,840,1,0,
20,873,1,0,
21,0,0,1,
21,29,0,1,
21,66,0,1,
21,100,0,1,
21,133,0,1,
21,167,0,1,
21,193,0,1,
21,228,0,1,
21,260,0,1,
21,292,0,0,
21,324,0,1,
21,355,0,0,
21,387,0,0,
21,419,1,0,
21,451,0,1,
21,484,0,0,
21,517,0,1,
21,550,0,1,
21,583,0,1,
21,617,0,1,
21,651,0,1,
21,683,0,1,
21,719,0,0,
21,758,0,1,
22,0,0,0,
22,34,1,0,
22,67,1,0,
22,100,1,0,
22,133,1,0,
22,167,1,0,
22,200,1,0,
22,233,1,0,
22,259,1,0,
22,290,1,0,
22,322,1,0,
22,353,1,0,
22,383,1,0,
22,416,1,0,
22,443,1,0,
22,475,1,0,
22,506,1,0,
22,537,0,0,
22,568,1,0,
22,600,0,1,
22,634,1,0,
22,669,0,1,
22,703,1,0,
22,735,1,0,
22,767,1,0,
22,800,1,0,
22,834,1,0,
22,866,1,0,
22,900,1,0,
22,934,1,0,
22,962,1,0,
22,994,1,0,
22,1025,1,0,
22,1057,1,0,
22,1089,1,0,
22,1120,1,0,
22,1150,1,0,
22,1181,1,0,
22,1215,1,0,
22,1249,1,0,
22,1282,1,0,
22,1316,1,0,
22,1349,1,0,
22,1383,1,0,
22,1416,1,0,
22,1449,1,0,
22,1482,1,0,
22,1516,1,0,
22,1553,1,0,
22,1592,1,0,
22,1625,1,0,
22,1654,1,0,
22,1685,1,0,
22,1715,1,0,
22,1742,1,0,
22,1769,1,0,
22,1800,1,0,
22,1833,1,0,
22,1866,1,0,
22,1899,1,0,
22,1932,1,0,
22,1965,1,0,
22,1999,1,0,
22,2033,1,0,
22,2065,1,0,
22,2099,1,0,
22,2132,1,0,
22,2166,1,0,
22,2199,1,0,
22,2232,1,0,
22,2266,1,0,
22,2301,1,0,
22,2333,1,0,
22,2366,1,0,
22,2400,1,0,
22,2433,1,0,
22,2466,1,0,
22,2500,1,0,
22,2533,1,0,
22,2566,1,0,
22,2599,1,0,
22,2633,1,0,
22,2667,1,0,
22,2700,1,0,
22,2733,1,0,
22,2767,1,0,
22,2800,1,0,
22,2833,1,0,
22,2866,1,0,
22,2900,1,0,
22,2933,1,0,
22,2967,1,0,
22,2993,1,0,
22,3026,1,0,
22,3059,1,0,
22,3092,1,0,
22,3126,1,0,
22,3159,1,0,
22,3185,1,0,
22,3217,1,0,
22,3251,1,0,
22,3284,1,0,
22,3317,1,0,
22,3350,1,0,
22,3384,1,0,
22,3417,1,0,
22,3450,1,0,
22,3483,1,0,
22,3516,1,0,
22,3549,1,0,
22,3582,1,0,
22,3616,1,0,
22,3650,1,0,
22,3683,1,0,
22,3726,1,0,
22,3754,1,0,
22,3786,1,0,
22,3827,1,0,
22,3866,1,0,
22,3900,1,0,
22,3933,1,0,
22,3966,1,0,
22,4000,1,0,
22,4034,1,0,
22,4067,1,0,
22,4100,1,0,
22,4134,1,0,
22,4169,1,0,
22,4201,1,0,
22,4236,1,0,
22,4269,1,0,
22,4303,1,0,
22,4330,1,0,
22,4362,1,0,
22,4403,1,0,
22,4432,1,0,
22,4460,1,0,
23,0,1,0,
23,34,1,0,
23,62,1,0,
23,94,1,0,
23,126,1,0,
23,158,1,0,
23,189,0,1,
23,225,0,1,
23,262,1,0,
23,290,0,1,
23,321,0,0,
23,352,0,1,
23,384,0,0,
23,418,0,0,
23,452,1,0,
23,485,1,0,
23,518,0,0,
23,552,0,0,
23,585,0,1,
23,619,0,1,
24,0,1,0,
24,33,1,0,
24,67,1,0,
24,99,0,0,
24,128,0,0,
24,167,1,0,
24,200,1,0,
24,233,1,0,
24,266,1,0,
24,299,1,0,
24,333,1,0,
24,359,1,0,
24,391,1,0,
24,420,1,0,
24,451,1,0,
24,484,1,0,
24,518,1,0,
24,551,1,0,
24,584,1,0,
24,618,1,0,
24,651,1,0,
24,685,1,0,
24,717,1,0,
24,755,1,0,
24,784,1,0,
24,818,1,0,
24,851,1,0,
25,0,1,0,
25,34,1,0,
25,63,1,0,
25,94,1,0,
25,128,1,0,
25,154,1,0,
25,187,1,0,
25,220,1,0,
25,254,1,0,
25,285,1,0,
25,318,1,0,
25,346,1,0,
25,378,1,0,
25,411,1,0,
25,444,1,0,
25,478,1,0,
25,512,1,0,
25,545,1,0,
25,578,1,0,
25,611,1,0,
26,0,1,0,
26,30,1,0,
26,62,1,0,
26,90,1,0,
26,122,1,0,
26,155,1,0,
26,185,1,0,
26,213,1,0,
26,245,1,0,
26,276,1,0,
26,308,1,0,
26,343,1,0,
26,371,1,0,
26,402,1,0,
26,435,1,0,
26,469,1,0,
26,501,1,0,
26,535,1,0,
26,568,1,0,
26,602,0,1,
26,635,0,1,
26,668,0,0,
26,702,0,0,
26,735,0,0,
26,763,0,1,
26,790,0,1,
26,819,0,1,
26,853,0,1,
26,886,0,1,
26,919,0,1,
26,952,0,1,
27,0,1,0,
27,44,1,0,
27,73,1,0,
27,102,0,0,
27,136,1,0,
27,169,1,0,
27,204,1,0,
27,236,1,0,
27,269,1,0,
27,302,1,0,
27,335,1,0,
27,370,0,0,
27,402,1,0,
27,435,1,0,
27,469,1,0,
27,502,1,0,
27,535,1,0,
27,568,1,0,
27,602,1,0,
27,630,1,0,
27,663,1,0,
27,691,1,0,
27,723,1,0,
27,757,1,0,
27,789,0,0,
27,819,1,0,
27,852,1,0,
27,886,1,0,
27,919,1,0,
27,952,1,0,
27,985,1,0,
28,0,0,0,
28,29,0,1,
28,61,0,0,
28,93,1,0,
28,126,1,0,
28,153,1,0,
28,185,1,0,
28,217,0,1,
28,248,0,1,
28,280,0,1,
28,311,0,1,
28,344,1,0,
28,377,1,0,
28,410,1,0,
28,446,1,0,
28,492,1,0,
28,519,1,0,
28,552,1,0,
28,581,1,0,
28,613,1,0,
28,644,1,0,
28,677,1,0,
28,710,1,0,
28,743,1,0,
28,777,1,0,
28,810,1,0,
28,843,1,0,
28,877,1,0,
28,910,1,0,
28,943,1,0,
28,976,1,0,
28,1010,1,0,
28,1043,1,0,
28,1077,1,0,
28,1110,1,0,
28,1144,1,0,
28,1177,1,0,
28,1210,1,0,
28,1244,1,0,
28,1277,1,0,
28,1310,1,0,
28,1343,1,0,
29,0,0,1,
29,33,0,1,
29,67,0,1,
29,100,0,1,
29,125,0,1,
29,157,0,1,
29,189,0,1,
29,220,0,1,
29,251,0,1,
29,285,0,1,
29,318,0,1,
29,351,0,1,
29,378,0,1,
29,411,0,1,
29,443,0,1,
29,475,0,1,
29,506,0,1,
29,540,0,1,
29,571,0,1,
29,602,0,1,
29,635,0,1,
29,667,0,1,
29,701,0,1,
29,734,0,1,
29,768,0,1,
29,801,0,0,
29,835,0,1,
29,869,0,1,
29,901,0,1,
29,934,0,1,
29,967,0,1,
29,1002,0,1,
29,1035,0,1,
29,1073,1,0,
29,1104,1,0,
29,1134,1,0,
29,1168,1,0,
29,1201,1,0,
29,1234,1,0,
29,1268,1,0,
29,1301,1,0,
29,1335,1,0,
29,1368,1,0,
29,1401,1,0,
29,1434,1,0,
29,1467,1,0,
29,1501,1,0,
29,1534,1,0,
29,1567,1,0,
29,1620,1,0,
29,1654,0,0,
29,1687,1,0,
29,1719,1,0,
29,1751,1,0,
29,1799,1,0,
29,1832,1,0,
29,1860,1,0,
30,0,0,0,
30,37,0,1,
30,75,1,0,
30,111,0,1,
30,146,1,0,
30,181,0,0,
30,213,1,0,
30,241,1,0,
30,272,1,0,
30,304,1,0,
30,333,1,0,
30,365,0,0,
30,396,0,0,
30,430,1,0,
30,458,1,0,
30,489,1,0,
30,520,1,0,
30,553,1,0,
30,586,1,0,
30,619,1,0,
30,653,1,0,
31,0,1,0,
31,47,0,0,
31,76,1,0,
31,108,1,0,
31,139,0,1,
31,170,0,0,
31,201,1,0,
31,232,0,1,
31,265,0,0,
31,299,0,0,
31,332,0,0,
31,365,0,0,
31,392,0,0,
31,434,0,1,
31,466,0,1,
31,498,0,1,
31,531,0,1,
31,565,0,1,
31,592,0,1,
31,624,0,1,
31,656,0,1,
31,684,1,0,
31,715,1,0,
31,748,1,0,
31,781,1,0,
31,815,1,0,
31,849,1,0,
31,882,1,0,
31,915,1,0,
31,948,1,0,
31,982,1,0,
31,1015,1,0,
31,1049,1,0,
31,1084,1,0,
31,1116,1,0,
31,1149,1,0,
31,1182,1,0,
31,1215,1,0,
31,1248,1,0,
31,1281,1,0,
31,1308,1,0,
31,1340,1,0,
31,1371,1,0,
31,1403,1,0,
31,1434,1,0,
31,1464,1,0,
31,1497,1,0,
32,0,1,0,
32,33,0,1,
32,68,0,1,
32,100,1,0,
32,133,1,0,
32,165,1,0,
32,196,1,0,
32,234,1,0,
32,275,0,0,
32,312,1,0,
32,344,0,0,
32,374,1,0,
32,408,0,0,
32,441,1,0,
32,474,1,0,
32,507,1,0,
32,540,1,0,
32,568,1,0,
33,0,0,1,
33,34,0,1,
33,66,0,1,
33,93,0,0,
33,125,0,1,
33,158,1,0,
33,191,1,0,
33,224,1,0,
33,258,1,0,
33,286,0,0,
33,319,1,0,
33,351,0,1,
33,386,0,0,
33,418,0,0,
33,449,0,0,
33,481,0,0,
33,514,0,1,
33,547,0,0,
33,579,0,0,
33,610,0,1,
33,643,1,0,
33,676,1,0,
33,709,1,0,
33,743,1,0,
33,773,1,0,
33,810,1,0,
33,855,1,0,
33,886,1,0,
33,920,1,0,
33,949,1,0,
33,980,1,0,
33,1010,1,0,
33,1043,1,0,
33,1076,1,0,
33,1109,1,0,
33,1143,1,0,
34,0,1,0,
34,28,1,0,
34,64,1,0,
34,98,1,0,
34,133,1,0,
34,165,1,0,
34,192,1,0,
34,223,1,0,
34,255,1,0,
34,294,1,0,
34,340,1,0,
34,388,1,0,
34,435,1,0,
34,480,1,0,
34,526,1,0,
34,587,1,0,
34,651,1,0,
34,702,1,0,
34,744,1,0,
34,772,1,0,
34,800,1,0,
34,832,1,0,
34,868,1,0,
34,899,1,0,
35,0,1,0,
35,37,1,0,
35,77,1,0,
35,112,1,0,
35,145,1,0,
35,178,1,0,
35,211,1,0,
35,245,1,0,
35,278,0,0,
35,311,0,0,
35,342,0,0,
35,378,1,0,
35,411,1,0,
35,445,0,0,
35,477,0,0,
36,0,1,0,
36,30,0,0,
36,59,1,0,
36,92,0,0,
36,124,1,0,
36,155,0,0,
36,189,1,0,
36,228,1,0,
36,256,1,0,
36,288,1,0,
36,319,1,0,
36,352,1,0,
36,385,1,0,
36,417,1,0,
36,451,1,0,
36,486,1,0,
36,518,0,0,
36,552,1,0,
36,585,1,0,
36,618,1,0,
36,651,0,0,
36,684,1,0,
36,717,1,0,
36,751,1,0,
36,785,0,0,
36,818,1,0,
36,852,1,0,
36,885,1,0,
36,918,1,0,
36,952,1,0,
36,985,1,0,
36,1019,1,0,
37,0,1,0,
37,33,0,1,
37,66,0,1,
37,99,0,0,
37,132,1,0,
37,166,1,0,
37,199,0,0,
37,233,0,1,
37,266,0,1,
37,294,0,0,
37,327,0,0,
37,360,0,1,
37,392,0,1,
37,420,0,1,
37,451,0,1,
37,483,0,1,
37,516,0,1,
37,549,0,1,
37,584,0,1,
37,618,0,1,
37,650,0,1,
37,683,0,1,
38,0,1,0,
38,31,1,0,
38,63,1,0,
38,96,1,0,
38,128,1,0,
38,159,1,0,
38,190,1,0,
38,217,1,0,
38,245,0,0,
38,273,1,0,
38,302,0,0,
38,335,1,0,
38,364,0,0,
38,400,0,0,
38,432,0,0,
38,465,0,0,
38,496,0,0,
38,528,0,0,
38,560,1,0,
38,591,1,0,
38,624,1,0,
38,658,1,0,
38,691,0,0,
38,724,1,0,
38,758,1,0,
38,791,1,0,
38,824,1,0,
39,0,1,0,
39,33,1,0,
39,64,1,0,
39,98,1,0,
39,132,1,0,
39,165,1,0,
39,199,1,0,
39,233,1,0,
39,268,1,0,
39,300,1,0,
39,334,1,0,
39,368,1,0,
39,401,0,0,
39,435,1,0,
39,468,1,0,
39,502,0,0,
39,536,1,0,
39,570,1,0,
39,603,1,0,
39,636,0,0,
39,669,1,0,
39,703,0,1,
39,737,0,1,
39,769,1,0,
39,803,0,1,
39,837,0,1,
40,0,0,1,
40,34,0,1,
40,67,0,0,
40,103,0,1,
40,147,1,0,
40,175,1,0,
40,208,1,0,
40,241,0,0,
40,273,1,0,
40,304,0,1,
40,336,1,0,
40,367,1,0,
40,401,1,0,
40,435,0,0,
40,468,0,0,
40,501,0,0,
40,536,1,0,
40,568,1,0,
40,602,1,0,
40,635,0,0,
40,669,1,0,
40,702,1,0,
40,736,1,0,
40,769,1,0,
40,803,1,0,
40,837,1,0,
40,870,1,0,
40,903,1,0,
40,937,1,0,
40,966,1,0,
40,1001,1,0,
40,1037,1,0,
40,1071,1,0,
40,1104,1,0,
40,1137,1,0,
40,1170,1,0,
40,1203,1,0,
40,1237,1,0,
40,1270,1,0,
40,1306,1,0,
40,1340,1,0,
40,1371,1,0,
40,1404,1,0,
40,1432,1,0,
40,1465,1,0,
40,1499,1,0,
40,1531,1,0,
40,1566,1,0,
40,1598,1,0,
40,1631,1,0,
40,1659,1,0,
40,1691,1,0,
40,1722,1,0,
40,1754,1,0,
40,1786,1,0,
40,1820,1,0,
40,1853,1,0,
40,1887,0,0,
40,1920,1,0,
40,1953,1,0,
40,1986,1,0,
40,2020,1,0,
40,2058,0,0,
40,2106,1,0,
40,2155,1,0,
40,2195,1,0,
40,2233,1,0,
40,2280,1,0,
40,2337,1,0,
40,2373,1,0,
40,2404,1,0,
40,2438,1,0,
40,2471,1,0,
40,2505,1,0,
40,2539,1,0,
40,2571,0,0,
40,2605,0,0,
40,2638,0,1,
40,2672,1,0,
40,2705,1,0,
40,2739,1,0,
40,2772,1,0,
40,2807,1,0,
40,2839,1,0,
40,2873,1,0,
40,2907,1,0,
40,2941,1,0,
40,2973,1,0,
40,3006,1,0,
40,3039,1,0,
40,3068,1,0,
40,3099,1,0,
40,3131,1,0,
40,3164,1,0,
40,3196,1,0,
40,3224,1,0,
40,3256,1,0,
40,3290,1,0,
40,3323,1,0,
40,3357,1,0,
40,3390,1,0,
40,3423,1,0,
40,3457,1,0,
40,3490,1,0,
40,3523,1,0,
40,3558,1,0,
40,3590,1,0,
40,3623,1,0,
40,3656,1,0,
40,3691,1,0,
40,3724,1,0,
40,3757,1,0,
40,3790,1,0,
40,3824,1,0,
40,3857,1,0,
40,3891,1,0,
40,3919,1,0,
40,3952,1,0,
40,3984,1,0,
40,4013,1,0,
40,4041,1,0,
40,4075,1,0,
40,4108,1,0,
40,4136,1,0,
40,4169,1,0,
40,4202,1,0,
40,4229,1,0,
40,4260,1,0,
40,4294,1,0,
40,4328,1,0,
40,4365,1,0,
40,4406,1,0,
40,4436,1,0,
40,4468,0,0,
40,4500,1,0,
40,4531,1,0,
40,4563,1,0,
40,4594,1,0,
40,4627,1,0,
40,4660,1,0,
40,4694,1,0,
40,4728,1,0,
40,4761,1,0,
40,4794,1,0,
40,4828,1,0,
40,4862,1,0,
40,4897,1,0,
40,4929,0,0,
40,4962,1,0,
40,4995,1,0,
40,5028,1,0,
40,5062,1,0,
40,5096,1,0,
40,5130,0,0,
40,5163,1,0,
40,5197,0,0,
40,5230,1,0,
40,5264,1,0,
40,5297,1,0,
40,5330,1,0,
40,5363,0,0,
40,5397,0,0,
40,5430,0,0,
40,5464,0,0,
40,5499,1,0,
40,5531,1,0,
40,5564,1,0,
40,5597,1,0,
40,5631,1,0,
40,5665,1,0,
40,5698,1,0,
40,5731,1,0,
40,5765,1,0,
40,5798,1,0,
40,5832,1,0,
40,5865,1,0,
40,5898,1,0,
40,5931,1,0,
40,5958,1,0,
40,5990,1,0,
40,6023,1,0,
40,6056,1,0,
40,6087,1,0,
40,6119,1,0,
40,6150,1,0,
40,6181,1,0,
40,6215,1,0,
40,6248,1,0,
40,6282,1,0,
40,6315,1,0,
40,6348,1,0,
40,6382,1,0,
40,6415,1,0,
40,6449,1,0,
40,6484,1,0,
40,6530,1,0,
40,6566,1,0,
40,6599,1,0,
40,6632,1,0,
40,6665,1,0,
40,6699,1,0,
40,6727,0,1,
40,6760,1,0,
40,6793,0,1,
40,6826,1,0,
40,6857,1,0,
40,6889,1,0,
40,6920,1,0,
40,6953,1,0,
40,6984,1,0,
40,7011,1,0,
40,7039,1,0,
40,7071,1,0,
40,7106,1,0,
40,7138,1,0,
40,7169,1,0,
40,7200,1,0,
40,7234,1,0,
40,7261,1,0,
40,7290,1,0,
40,7320,1,0,
40,7353,1,0,
40,7384,1,0,
40,7418,1,0,
40,7451,1,0,
40,7484,1,0,
40,7517,1,0,
40,7551,1,0,
40,7584,1,0,
40,7618,1,0,
40,7651,1,0,
40,7685,1,0,
40,7718,1,0,
40,7751,1,0,
40,7784,1,0,
40,7818,1,0,
40,7851,1,0,
40,7881,1,0,
40,7917,1,0,
40,7951,1,0,
40,7984,1,0,
40,8018,0,1,
40,8051,1,0,
40,8085,0,0,
40,8117,1,0,
40,8152,1,0,
40,8184,1,0,
40,8217,1,0,
40,8251,1,0,
40,8284,0,0,
40,8318,0,0,
40,8351,1,0,
40,8384,1,0,
40,8417,1,0,
40,8450,1,0,
40,8483,1,0,
40,8516,1,0,
40,8553,1,0,
40,8587,1,0,
40,8621,1,0,
40,8652,1,0,
40,8684,1,0,
40,8717,1,0,
40,8745,1,0,
40,8777,1,0,
40,8805,1,0,
40,8837,1,0,
40,8868,1,0,
40,8901,1,0,
40,8934,1,0,
40,8968,1,0,
40,9001,1,0,
40,9035,1,0,
40,9070,1,0,
40,9117,1,0,
40,9163,1,0,
40,9195,1,0,
40,9228,1,0,
40,9261,1,0,
40,9288,1,0,
40,9319,1,0,
40,9353,1,0,
40,9386,1,0,
40,9420,1,0,
40,9453,1,0,
40,9487,1,0,
40,9520,1,0,
40,9554,1,0,
40,9587,1,0,
40,9621,1,0,
40,9654,1,0,
40,9687,0,0,
40,9720,1,0,
40,9753,1,0,
40,9786,1,0,
40,9820,1,0,
40,9853,1,0,
40,9886,1,0,
40,9920,1,0,
40,9953,1,0,
40,9987,1,0,
40,10020,1,0,
40,10053,1,0,
40,10087,1,0,
40,10120,1,0,
40,10153,1,0,
40,10180,1,0,
40,10212,1,0,
40,10244,1,0,
40,10275,1,0,
40,10309,1,0,
40,10339,1,0,
40,10370,1,0,
40,10404,1,0,
40,10438,1,0,
40,10471,1,0,
40,10504,1,0,
40,10538,1,0,
40,10571,1,0,
40,10605,1,0,
40,10638,1,0,
40,10673,1,0,
40,10710,1,0,
40,10746,1,0,
40,10778,0,1,
40,10812,1,0,
40,10843,1,0,
40,10876,1,0,
40,10908,1,0,
40,10938,1,0,
40,10971,0,1,
40,11004,1,0,
40,11037,1,0,
40,11070,1,0,
40,11104,0,0,
40,11132,1,0,
40,11164,1,0,
40,11196,1,0,
40,11224,1,0,
40,11255,0,1,
40,11282,1,0,
40,11315,0,1,
40,11347,1,0,
40,11383,0,1,
40,11415,0,1,
40,11447,0,1,
40,11480,0,1,
40,11512,0,0,
40,11545,0,0,
40,11578,1,0,
40,11614,0,0,
40,11643,0,0,
40,11674,0,1,
40,11707,1,0,
40,11740,0,1,
40,11772,1,0,
40,11805,1,0,
40,11839,0,0,
40,11872,1,0,
40,11906,0,1,
40,11938,0,1,
40,11972,0,0,
40,12005,0,0,
40,12040,1,0,
40,12071,1,0,
40,12099,1,0,
40,12132,0,0,
40,12164,1,0,
40,12192,1,0,
40,12224,0,0,
40,12255,1,0,
40,12289,0,0,
40,12322,1,0,
40,12355,0,1,
40,12388,1,0,
40,12421,1,0,
40,12454,0,1,
40,12488,1,0,
40,12521,1,0,
40,12555,1,0,
40,12588,1,0,
40,12621,1,0,
40,12655,1,0,
40,12688,1,0,
40,12722,1,0,
40,12778,0,1,
40,12811,0,0,
40,12838,0,0,
40,12871,1,0,
40,12904,1,0,
40,12938,0,1,
40,12971,1,0,
40,13004,1,0,
40,13037,1,0,
40,13070,1,0,
40,13103,1,0,
40,13136,1,0,
40,13169,1,0,
40,13203,1,0,
40,13237,0,0,
40,13270,1,0,
40,13303,1,0,
40,13337,1,0,
40,13371,1,0,
40,13404,1,0,
40,13437,1,0,
40,13470,1,0,
40,13503,0,1,
40,13536,1,0,
40,13569,1,0,
40,13598,1,0,
40,13632,1,0,
40,13665,1,0,
40,13693,1,0,
40,13724,1,0,
40,13758,0,0,
40,13789,0,1,
40,13820,0,0,
40,13853,0,1,
40,13887,0,1,
40,13920,0,0,
40,13953,0,1,
40,13987,0,0,
40,14021,1,0,
40,14054,1,0,
40,14087,1,0,
40,14120,1,0,
40,14153,0,1,
40,14186,1,0,
40,14220,1,0,
40,14253,1,0,
40,14286,1,0,
40,14319,1,0,
40,14352,0,0,
40,14386,0,1,
40,14419,1,0,
40,14452,1,0,
40,14485,1,0,
40,14519,1,0,
40,14552,1,0,
40,14586,0,0,
40,14619,0,1,
40,14653,0,0,
40,14686,0,0,
40,14719,0,1,
40,14752,1,0,
40,14785,1,0,
40,14819,0,1,
40,14855,0,1,
40,14893,0,1,
40,14921,0,1,
40,14953,1,0,
40,14980,1,0,
40,15014,1,0,
40,15042,1,0,
40,15074,1,0,
40,15108,1,0,
40,15138,0,1,
40,15170,0,1,
40,15204,0,1,
40,15238,1,0,
40,15271,0,1,
40,15306,1,0,
40,15338,1,0,
40,15371,1,0,
40,15405,0,0,
40,15439,0,1,
40,15471,0,1,
40,15505,0,1,
40,15538,0,1,
40,15571,1,0,
40,15605,0,1,
40,15639,1,0,
41,0,0,0,
41,33,1,0,
41,67,0,1,
41,100,0,1,
41,133,0,1,
41,166,0,1,
41,200,0,0,
41,234,1,0,
41,267,0,1,
41,294,1,0,
41,326,1,0,
41,359,1,0,
41,390,1,0,
41,422,1,0,
41,454,1,0,
41,485,0,0,
41,518,0,1,
41,552,0,1,
41,586,0,0,
41,620,0,0,
41,651,0,0,
41,684,1,0,
41,718,0,0,
41,751,0,1,
41,785,0,1,
41,823,0,1,
41,866,0,1,
41,902,0,1,
41,935,0,0,
41,968,0,0,
41,1002,0,0,
41,1035,0,0,
41,1068,0,0,
41,1102,0,0,
41,1136,1,0,
41,1169,0,0,
41,1202,0,0,
41,1236,0,0,
41,1270,0,0,
41,1303,0,0,
41,1337,0,0,
41,1370,0,0,
41,1404,0,0,
41,1437,0,1,
41,1470,0,0,
41,1504,0,0,
41,1537,0,0,
41,1570,0,0,
41,1604,0,0,
41,1637,0,1,
41,1670,0,0,
41,1703,0,0,
41,1737,0,1,
41,1764,0,0,
41,1797,1,0,
41,1825,0,1,
41,1855,0,0,
41,1887,0,0,
41,1921,0,1,
41,1954,0,0,
41,1987,0,1,
41,2021,0,0,
41,2055,0,0,
41,2088,1,0,
41,2121,0,0,
41,2154,0,1,
41,2189,1,0,
41,2221,0,0,
41,2254,0,1,
42,0,1,0,
42,33,0,1,
42,67,0,1,
42,101,0,1,
42,134,0,1,
42,167,0,1,
42,201,0,1,
42,234,0,1,
42,268,0,1,
42,301,0,1,
42,334,0,1,
42,368,1,0,
42,400,1,0,
42,434,1,0,
42,467,1,0,
42,496,0,0,
42,529,0,0,
42,561,0,0,
42,594,0,0,
42,627,0,0,
42,669,0,1,
42,702,1,0,
42,736,0,1,
43,0,0,1,
43,33,0,0,
43,64,0,1,
43,96,0,1,
43,129,0,0,
43,163,0,1,
43,196,1,0,
43,229,0,0,
43,263,0,1,
43,296,0,0,
43,331,0,1,
43,363,0,1,
43,396,1,0,
43,431,0,1,
43,463,0,1,
43,497,1,0,
43,530,0,1,
43,564,1,0,
43,597,0,1,
43,631,0,0,
43,664,0,0,
43,697,0,1,
43,731,0,1,
43,765,1,0,
43,798,0,1,
43,826,0,1,
44,0,1,0,
44,32,1,0,
44,66,1,0,
44,99,1,0,
44,132,0,1,
44,159,0,0,
44,190,1,0,
44,222,1,0,
44,254,1,0,
44,285,0,0,
44,316,0,1,
44,350,1,0,
44,383,1,0,
44,416,0,0,
44,449,1,0,
44,483,1,0,
44,516,1,0,
44,549,1,0,
44,583,1,0,
44,617,0,1,
44,650,1,0,
44,677,0,1,
44,710,0,0,
44,744,1,0,
44,779,0,1,
44,810,1,0,
44,838,0,1,
44,871,1,0,
44,903,1,0,
44,934,1,0,
44,967,1,0,
45,0,1,0,
45,33,0,1,
45,67,0,1,
45,100,1,0,
45,133,0,1,
45,167,0,0,
45,195,0,1,
45,223,1,0,
45,254,0,1,
45,286,1,0,
45,318,0,1,
45,351,1,0,
45,384,1,0,
45,417,1,0,
45,450,1,0,
45,484,1,0,
45,517,1,0,
45,552,1,0,
45,584,0,0,
45,618,0,1,
45,651,1,0,
45,685,1,0,
45,718,1,0,
45,752,1,0,
45,785,1,0,
45,819,1,0,
45,852,1,0,
45,886,1,0,
45,919,0,1,
45,952,0,0,
45,985,1,0,
45,1019,1,0,
45,1052,1,0,
45,1091,1,0,
45,1130,1,0,
45,1163,1,0,
45,1196,1,0,
45,1224,1,0,
45,1255,1,0,
45,1288,1,0,
45,1319,1,0,
45,1353,0,0,
45,1386,0,1,
45,1420,1,0,
45,1453,1,0,
45,1487,1,0,
45,1520,1,0,
45,1553,1,0,
45,1579,0,0,
45,1611,0,0,
45,1643,1,0,
45,1677,0,0,
45,1706,0,0,
45,1737,1,0,
45,1770,1,0,
45,1803,0,1,
45,1837,1,0,
45,1870,1,0,
45,1903,1,0,
45,1937,1,0,
45,1971,1,0,
45,2004,1,0,
45,2037,1,0,
45,2064,1,0,
45,2099,0,1,
45,2126,1,0,
45,2157,0,0,
45,2189,0,1,
45,2220,1,0,
45,2253,1,0,
45,2282,1,0,
45,2314,0,1,
45,2348,0,1,
45,2380,1,0,
45,2413,0,0,
45,2445,1,0,
45,2477,1,0,
45,2509,0,0,
45,2539,1,0,
45,2569,1,0,
45,2603,0,0,
45,2636,1,0,
45,2665,0,0,
45,2692,0,0,
45,2724,0,0,
45,2755,0,1,
45,2785,1,0,
45,2819,0,1,
45,2853,1,0,
45,2886,0,1,
45,2913,0,1,
45,2943,1,0,
45,2975,1,0,
45,3006,1,0,
45,3039,0,1,
45,3071,0,0,
45,3104,1,0,
45,3138,0,1,
45,3170,0,1,
45,3197,1,0,
45,3234,0,1,
45,3276,1,0,
45,3303,1,0,
45,3342,1,0,
45,3391,1,0,
45,3436,0,1,
45,3479,1,0,
45,3518,0,0,
45,3562,0,1,
45,3605,0,0,
45,3642,0,1,
45,3686,0,1,
45,3722,0,1,
45,3758,0,1,
45,3790,0,1,
45,3824,0,1,
45,3856,1,0,
45,3886,0,0,
45,3919,0,0,
45,3952,0,0,
45,3985,1,0,
45,4018,1,0,
45,4051,0,0,
45,4085,1,0,
45,4118,0,0,
45,4152,1,0,
45,4178,1,0,
45,4211,1,0,
45,4243,0,1,
45,4276,0,1,
45,4307,0,1,
45,4338,0,1,
45,4369,0,1,
45,4403,0,1,
45,4437,0,1,
45,4472,0,1,
45,4504,0,0,
45,4537,0,1,
45,4570,0,1,
45,4603,0,1,
45,4636,0,1,
45,4669,0,1,
45,4703,0,1,
45,4737,0,1,
45,4772,0,1,
45,4803,0,0,
45,4836,0,1,
45,4870,1,0,
45,4903,1,0,
45,4932,1,0,
45,4961,1,0,
45,4994,1,0,
45,5023,0,1,
45,5056,1,0,
45,5087,0,0,
45,5121,0,1,
45,5154,0,1,
45,5187,0,1,
45,5221,0,1,
45,5255,0,1,
45,5288,0,1,
45,5321,0,1,
45,5355,0,1,
45,5388,0,1,
45,5422,0,1,
45,5462,0,1,
45,5506,0,1,
45,5541,0,1,
45,5574,0,1,
45,5606,0,1,
45,5640,0,1,
45,5673,0,1,
45,5706,0,1,
45,5740,0,1,
45,5773,0,1,
45,5807,0,1,
45,5841,0,1,
45,5874,0,1,
45,5908,0,1,
45,5941,0,1,
45,5975,0,1,
45,6008,0,1,
45,6041,0,1,
45,6077,0,1,
45,6108,0,1,
45,6141,0,1,
45,6174,0,1,
45,6208,0,1,
45,6242,0,1,
45,6275,0,1,
45,6308,0,1,
45,6342,0,1,
45,6376,0,1,
45,6408,0,1,
45,6442,0,1,
45,6476,0,1,
45,6509,0,1,
45,6542,0,1,
45,6575,0,1,
45,6609,0,1,
45,6643,0,1,
45,6676,0,1,
45,6710,0,1,
45,6743,0,1,
45,6777,0,1,
45,6810,0,1,
45,6843,0,0,
45,6879,0,1,
45,6910,0,1,
45,6943,0,1,
45,6977,0,1,
45,7010,0,1,
45,7044,0,1,
45,7077,0,1,
45,7110,0,1,
45,7143,0,1,
45,7177,0,1,
45,7210,0,1,
45,7244,0,1,
45,7278,0,1,
45,7305,0,1,
45,7331,0,1,
45,7363,0,1,
45,7394,0,1,
45,7428,0,1,
45,7462,0,1,
45,7495,0,1,
45,7528,0,1,
45,7561,0,1,
45,7595,0,1,
45,7630,0,1,
45,7669,0,1,
45,7704,0,1,
45,7737,0,1,
45,7768,0,1,
45,7800,0,0,
45,7831,0,1,
45,7863,0,1,
45,7897,0,1,
46,0,0,0,
46,30,0,1,
46,62,0,0,
46,95,0,1,
46,132,1,0,
46,177,0,1,
46,207,0,1,
46,240,0,1,
46,271,0,1,
46,302,1,0,
46,335,0,1,
46,369,0,1,
46,401,0,1,
46,434,0,1,
46,469,0,1,
46,505,0,0,
46,541,0,0,
46,573,1,0,
46,605,1,0,
46,638,0,1,
46,670,0,1,
46,702,0,1,
46,735,0,1,
46,768,0,1,
46,802,1,0,
46,835,0,1,
46,868,0,1,
46,901,1,0,
46,935,1,0,
46,967,0,1,
46,1000,0,1,
46,1050,0,1,
47,0,0,0,
47,33,0,0,
47,60,0,0,
47,92,0,0,
47,125,1,0,
47,153,1,0,
47,186,1,0,
47,216,0,1,
47,250,0,0,
47,283,1,0,
47,311,1,0,
47,343,0,0,
47,375,1,0,
47,409,1,0,
47,439,1,0,
47,471,1,0,
47,502,1,0,
47,533,1,0,
47,566,1,0,
47,600,1,0,
47,633,1,0,
47,667,1,0,
47,700,1,0,
47,734,1,0,
48,0,1,0,
48,30,1,0,
48,73,1,0,
48,113,1,0,
48,151,1,0,
48,184,1,0,
48,218,1,0,
48,246,1,0,
48,281,1,0,
48,313,1,0,
48,346,0,1,
48,374,0,1,
48,406,0,1,
48,434,0,1,
48,468,0,1,
48,503,0,1,
48,535,0,1,
48,567,0,1,
48,601,0,0,
48,634,0,1,
48,667,0,1,
48,700,0,0,
48,734,0,1,
48,767,0,1,
48,800,0,1,
48,834,0,0,
48,863,0,1,
48,895,0,1,
48,934,0,0,
48,968,0,1,
48,1002,0,0,
48,1035,0,1,
48,1068,0,1,
48,1095,0,1,
48,1131,0,1,
48,1159,0,0,
48,1191,0,1,
48,1223,0,0,
48,1252,1,0,
48,1284,0,1,
48,1317,0,1,
48,1350,0,1,
48,1384,1,0,
48,1417,1,0,
48,1451,0,1,
48,1484,1,0,
48,1517,0,0,
48,1551,0,0,
48,1584,0,1,
48,1617,0,0,
48,1652,1,0,
48,1684,0,1,
48,1717,0,1,
48,1751,0,1,
